Année édition,Squad,xGoals,Goals,xGoalsA,GoalsA,Round
2023,Dinamo Zagreb,4.2,4,12.5,11,Group stage
2023,Dinamo Zagreb,0.0,0,0.0,0,Round of 16
2023,Dinamo Zagreb,0.0,0,0.0,0,Quarter-finals
2023,Dinamo Zagreb,0.0,0,0.0,0,Semi-finals
2023,Dinamo Zagreb,0.0,0,0.0,0,Final
2023,Chelsea,9.600000000000001,10,4.3,4,Group stage
2023,Chelsea,4.1,2,2.3,1,Round of 16
2023,Chelsea,2.5999999999999996,0,4.1,4,Quarter-finals
2023,Chelsea,0.0,0,0.0,0,Semi-finals
2023,Chelsea,0.0,0,0.0,0,Final
2023,Dortmund,8.3,10,7.3,5,Group stage
2023,Dortmund,2.3,1,4.1,2,Round of 16
2023,Dortmund,0.0,0,0.0,0,Quarter-finals
2023,Dortmund,0.0,0,0.0,0,Semi-finals
2023,Dortmund,0.0,0,0.0,0,Final
2023,FC Copenhagen,4.8,1,11.2,12,Group stage
2023,FC Copenhagen,0.0,0,0.0,0,Round of 16
2023,FC Copenhagen,0.0,0,0.0,0,Quarter-finals
2023,FC Copenhagen,0.0,0,0.0,0,Semi-finals
2023,FC Copenhagen,0.0,0,0.0,0,Final
2023,Celtic,9.299999999999999,4,10.8,15,Group stage
2023,Celtic,0.0,0,0.0,0,Round of 16
2023,Celtic,0.0,0,0.0,0,Quarter-finals
2023,Celtic,0.0,0,0.0,0,Semi-finals
2023,Celtic,0.0,0,0.0,0,Final
2023,Real Madrid,13.2,15,7.699999999999999,6,Group stage
2023,Real Madrid,3.8000000000000003,6,2.4,2,Round of 16
2023,Real Madrid,4.1,4,2.5999999999999996,0,Quarter-finals
2023,Real Madrid,1.2,1,3.3,5,Semi-finals
2023,Real Madrid,0.0,0,0.0,0,Final
2023,Benfica,10.7,16,7.199999999999999,7,Group stage
2023,Benfica,6.199999999999999,7,1.1,1,Round of 16
2023,Benfica,2.3,3,2.5999999999999996,5,Quarter-finals
2023,Benfica,0.0,0,0.0,0,Semi-finals
2023,Benfica,0.0,0,0.0,0,Final
2023,Maccabi Haifa,6.4,7,9.8,21,Group stage
2023,Maccabi Haifa,0.0,0,0.0,0,Round of 16
2023,Maccabi Haifa,0.0,0,0.0,0,Quarter-finals
2023,Maccabi Haifa,0.0,0,0.0,0,Semi-finals
2023,Maccabi Haifa,0.0,0,0.0,0,Final
2023,RB Salzburg,8.4,5,6.999999999999999,9,Group stage
2023,RB Salzburg,0.0,0,0.0,0,Round of 16
2023,RB Salzburg,0.0,0,0.0,0,Quarter-finals
2023,RB Salzburg,0.0,0,0.0,0,Semi-finals
2023,RB Salzburg,0.0,0,0.0,0,Final
2023,Milan,8.9,12,7.300000000000001,7,Group stage
2023,Milan,3.0999999999999996,1,0.9,0,Round of 16
2023,Milan,3.1,2,3.5,1,Quarter-finals
2023,Milan,1.4,0,3.0,3,Semi-finals
2023,Milan,0.0,0,0.0,0,Final
2023,Sevilla,5.300000000000001,6,10.3,12,Group stage
2023,Sevilla,0.0,0,0.0,0,Round of 16
2023,Sevilla,0.0,0,0.0,0,Quarter-finals
2023,Sevilla,0.0,0,0.0,0,Semi-finals
2023,Sevilla,0.0,0,0.0,0,Final
2023,Manchester City,13.699999999999998,14,3.3,2,Group stage
2023,Manchester City,5.4,8,1.4,1,Round of 16
2023,Manchester City,3.1,4,3.1,1,Quarter-finals
2023,Manchester City,3.3,5,1.2,1,Semi-finals
2023,Manchester City,1.0,1,1.7,0,Final
2023,RB Leipzig,10.399999999999999,13,7.000000000000001,9,Group stage
2023,RB Leipzig,1.4,1,5.4,8,Round of 16
2023,RB Leipzig,0.0,0,0.0,0,Quarter-finals
2023,RB Leipzig,0.0,0,0.0,0,Semi-finals
2023,RB Leipzig,0.0,0,0.0,0,Final
2023,Shakhtar,3.6000000000000005,8,11.0,10,Group stage
2023,Shakhtar,0.0,0,0.0,0,Round of 16
2023,Shakhtar,0.0,0,0.0,0,Quarter-finals
2023,Shakhtar,0.0,0,0.0,0,Semi-finals
2023,Shakhtar,0.0,0,0.0,0,Final
2023,Paris S-G,8.8,16,7.0,7,Group stage
2023,Paris S-G,1.9000000000000001,0,3.0999999999999996,3,Round of 16
2023,Paris S-G,0.0,0,0.0,0,Quarter-finals
2023,Paris S-G,0.0,0,0.0,0,Semi-finals
2023,Paris S-G,0.0,0,0.0,0,Final
2023,Juventus,8.6,9,10.5,13,Group stage
2023,Juventus,0.0,0,0.0,0,Round of 16
2023,Juventus,0.0,0,0.0,0,Quarter-finals
2023,Juventus,0.0,0,0.0,0,Semi-finals
2023,Juventus,0.0,0,0.0,0,Final
2023,Ajax,8.4,11,12.200000000000001,16,Group stage
2023,Ajax,0.0,0,0.0,0,Round of 16
2023,Ajax,0.0,0,0.0,0,Quarter-finals
2023,Ajax,0.0,0,0.0,0,Semi-finals
2023,Ajax,0.0,0,0.0,0,Final
2023,Rangers,4.8,2,14.3,22,Group stage
2023,Rangers,0.0,0,0.0,0,Round of 16
2023,Rangers,0.0,0,0.0,0,Quarter-finals
2023,Rangers,0.0,0,0.0,0,Semi-finals
2023,Rangers,0.0,0,0.0,0,Final
2023,Eint Frankfurt,6.500000000000001,7,7.5,8,Group stage
2023,Eint Frankfurt,1.5,0,5.5,5,Round of 16
2023,Eint Frankfurt,0.0,0,0.0,0,Quarter-finals
2023,Eint Frankfurt,0.0,0,0.0,0,Semi-finals
2023,Eint Frankfurt,0.0,0,0.0,0,Final
2023,Sporting CP,3.8,8,9.899999999999999,9,Group stage
2023,Sporting CP,0.0,0,0.0,0,Round of 16
2023,Sporting CP,0.0,0,0.0,0,Quarter-finals
2023,Sporting CP,0.0,0,0.0,0,Semi-finals
2023,Sporting CP,0.0,0,0.0,0,Final
2023,Tottenham,9.2,8,5.699999999999999,6,Group stage
2023,Tottenham,0.9,0,3.0999999999999996,1,Round of 16
2023,Tottenham,0.0,0,0.0,0,Quarter-finals
2023,Tottenham,0.0,0,0.0,0,Semi-finals
2023,Tottenham,0.0,0,0.0,0,Final
2023,Marseille,8.7,8,5.1,8,Group stage
2023,Marseille,0.0,0,0.0,0,Round of 16
2023,Marseille,0.0,0,0.0,0,Quarter-finals
2023,Marseille,0.0,0,0.0,0,Semi-finals
2023,Marseille,0.0,0,0.0,0,Final
2023,Napoli,16.2,20,8.4,6,Group stage
2023,Napoli,5.5,5,1.5,0,Round of 16
2023,Napoli,3.5,1,3.1,2,Quarter-finals
2023,Napoli,0.0,0,0.0,0,Semi-finals
2023,Napoli,0.0,0,0.0,0,Final
2023,Liverpool,12.3,17,6.800000000000001,6,Group stage
2023,Liverpool,2.4,2,3.8000000000000003,6,Round of 16
2023,Liverpool,0.0,0,0.0,0,Quarter-finals
2023,Liverpool,0.0,0,0.0,0,Semi-finals
2023,Liverpool,0.0,0,0.0,0,Final
2023,Atlético Madrid,9.5,5,9.899999999999999,9,Group stage
2023,Atlético Madrid,0.0,0,0.0,0,Round of 16
2023,Atlético Madrid,0.0,0,0.0,0,Quarter-finals
2023,Atlético Madrid,0.0,0,0.0,0,Semi-finals
2023,Atlético Madrid,0.0,0,0.0,0,Final
2023,Porto,11.8,12,9.3,7,Group stage
2023,Porto,3.3,0,2.0,1,Round of 16
2023,Porto,0.0,0,0.0,0,Quarter-finals
2023,Porto,0.0,0,0.0,0,Semi-finals
2023,Porto,0.0,0,0.0,0,Final
2023,Barcelona,10.0,12,9.4,12,Group stage
2023,Barcelona,0.0,0,0.0,0,Round of 16
2023,Barcelona,0.0,0,0.0,0,Quarter-finals
2023,Barcelona,0.0,0,0.0,0,Semi-finals
2023,Barcelona,0.0,0,0.0,0,Final
2023,Viktoria Plzeň,5.5,5,15.100000000000001,24,Group stage
2023,Viktoria Plzeň,0.0,0,0.0,0,Round of 16
2023,Viktoria Plzeň,0.0,0,0.0,0,Quarter-finals
2023,Viktoria Plzeň,0.0,0,0.0,0,Semi-finals
2023,Viktoria Plzeň,0.0,0,0.0,0,Final
2023,Inter,8.7,10,7.1,7,Group stage
2023,Inter,2.0,1,3.3,0,Round of 16
2023,Inter,2.5999999999999996,5,2.3,3,Quarter-finals
2023,Inter,3.0,3,1.4,0,Semi-finals
2023,Inter,1.7,0,1.0,1,Final
2023,Bayern Munich,13.2,18,5.800000000000001,2,Group stage
2023,Bayern Munich,3.0999999999999996,3,1.9000000000000001,0,Round of 16
2023,Bayern Munich,3.1,1,3.1,4,Quarter-finals
2023,Bayern Munich,0.0,0,0.0,0,Semi-finals
2023,Bayern Munich,0.0,0,0.0,0,Final
2023,Club Brugge,7.0,7,10.7,4,Group stage
2023,Club Brugge,1.1,1,6.199999999999999,7,Round of 16
2023,Club Brugge,0.0,0,0.0,0,Quarter-finals
2023,Club Brugge,0.0,0,0.0,0,Semi-finals
2023,Club Brugge,0.0,0,0.0,0,Final
2023,Leverkusen,9.0,4,7.4,8,Group stage
2023,Leverkusen,0.0,0,0.0,0,Round of 16
2023,Leverkusen,0.0,0,0.0,0,Quarter-finals
2023,Leverkusen,0.0,0,0.0,0,Semi-finals
2023,Leverkusen,0.0,0,0.0,0,Final
2022,Sevilla,7.200000000000001,5,7.699999999999998,5,Group stage
2022,Sevilla,0.0,0,0.0,0,Round of 16
2022,Sevilla,0.0,0,0.0,0,Quarter-finals
2022,Sevilla,0.0,0,0.0,0,Semi-finals
2022,Sevilla,0.0,0,0.0,0,Final
2022,RB Salzburg,10.4,8,6.2,6,Group stage
2022,RB Salzburg,1.8,2,6.5,8,Round of 16
2022,RB Salzburg,0.0,0,0.0,0,Quarter-finals
2022,RB Salzburg,0.0,0,0.0,0,Semi-finals
2022,RB Salzburg,0.0,0,0.0,0,Final
2022,Young Boys,7.300000000000001,7,10.299999999999999,12,Group stage
2022,Young Boys,0.0,0,0.0,0,Round of 16
2022,Young Boys,0.0,0,0.0,0,Quarter-finals
2022,Young Boys,0.0,0,0.0,0,Semi-finals
2022,Young Boys,0.0,0,0.0,0,Final
2022,Manchester Utd,7.9,11,8.7,8,Group stage
2022,Manchester Utd,1.6,1,1.8,2,Round of 16
2022,Manchester Utd,0.0,0,0.0,0,Quarter-finals
2022,Manchester Utd,0.0,0,0.0,0,Semi-finals
2022,Manchester Utd,0.0,0,0.0,0,Final
2022,Chelsea,12.8,13,5.4,4,Group stage
2022,Chelsea,2.2,4,2.5,1,Round of 16
2022,Chelsea,4.0,4,3.0,5,Quarter-finals
2022,Chelsea,0.0,0,0.0,0,Semi-finals
2022,Chelsea,0.0,0,0.0,0,Final
2022,Zenit,9.799999999999999,10,8.0,10,Group stage
2022,Zenit,0.0,0,0.0,0,Round of 16
2022,Zenit,0.0,0,0.0,0,Quarter-finals
2022,Zenit,0.0,0,0.0,0,Semi-finals
2022,Zenit,0.0,0,0.0,0,Final
2022,Villarreal,12.3,12,9.400000000000002,9,Group stage
2022,Villarreal,3.8,4,2.2,1,Round of 16
2022,Villarreal,2.2,2,3.0,1,Quarter-finals
2022,Villarreal,1.3,2,4.1,5,Semi-finals
2022,Villarreal,0.0,0,0.0,0,Final
2022,Atalanta,10.1,12,9.2,13,Group stage
2022,Atalanta,0.0,0,0.0,0,Round of 16
2022,Atalanta,0.0,0,0.0,0,Quarter-finals
2022,Atalanta,0.0,0,0.0,0,Semi-finals
2022,Atalanta,0.0,0,0.0,0,Final
2022,Barcelona,6.5,2,9.399999999999999,9,Group stage
2022,Barcelona,0.0,0,0.0,0,Round of 16
2022,Barcelona,0.0,0,0.0,0,Quarter-finals
2022,Barcelona,0.0,0,0.0,0,Semi-finals
2022,Barcelona,0.0,0,0.0,0,Final
2022,Bayern Munich,16.599999999999998,22,3.7,3,Group stage
2022,Bayern Munich,6.5,8,1.8,2,Round of 16
2022,Bayern Munich,3.0,1,2.2,2,Quarter-finals
2022,Bayern Munich,0.0,0,0.0,0,Semi-finals
2022,Bayern Munich,0.0,0,0.0,0,Final
2022,Lille,8.0,7,5.500000000000001,4,Group stage
2022,Lille,2.5,1,2.2,4,Round of 16
2022,Lille,0.0,0,0.0,0,Quarter-finals
2022,Lille,0.0,0,0.0,0,Semi-finals
2022,Lille,0.0,0,0.0,0,Final
2022,Wolfsburg,4.9,5,11.1,10,Group stage
2022,Wolfsburg,0.0,0,0.0,0,Round of 16
2022,Wolfsburg,0.0,0,0.0,0,Quarter-finals
2022,Wolfsburg,0.0,0,0.0,0,Semi-finals
2022,Wolfsburg,0.0,0,0.0,0,Final
2022,Malmö,1.5999999999999999,1,15.1,14,Group stage
2022,Malmö,0.0,0,0.0,0,Round of 16
2022,Malmö,0.0,0,0.0,0,Quarter-finals
2022,Malmö,0.0,0,0.0,0,Semi-finals
2022,Malmö,0.0,0,0.0,0,Final
2022,Juventus,11.1,10,6.800000000000001,6,Group stage
2022,Juventus,2.2,1,3.8,4,Round of 16
2022,Juventus,0.0,0,0.0,0,Quarter-finals
2022,Juventus,0.0,0,0.0,0,Semi-finals
2022,Juventus,0.0,0,0.0,0,Final
2022,Dynamo Kyiv,4.2,1,9.1,11,Group stage
2022,Dynamo Kyiv,0.0,0,0.0,0,Round of 16
2022,Dynamo Kyiv,0.0,0,0.0,0,Quarter-finals
2022,Dynamo Kyiv,0.0,0,0.0,0,Semi-finals
2022,Dynamo Kyiv,0.0,0,0.0,0,Final
2022,Benfica,6.9,7,12.0,9,Group stage
2022,Benfica,2.4,3,3.7,2,Round of 16
2022,Benfica,2.4,4,5.7,6,Quarter-finals
2022,Benfica,0.0,0,0.0,0,Semi-finals
2022,Benfica,0.0,0,0.0,0,Final
2022,Sheriff Tiraspol,4.5,7,12.2,11,Group stage
2022,Sheriff Tiraspol,0.0,0,0.0,0,Round of 16
2022,Sheriff Tiraspol,0.0,0,0.0,0,Quarter-finals
2022,Sheriff Tiraspol,0.0,0,0.0,0,Semi-finals
2022,Sheriff Tiraspol,0.0,0,0.0,0,Final
2022,Shakhtar,6.699999999999999,2,10.2,12,Group stage
2022,Shakhtar,0.0,0,0.0,0,Round of 16
2022,Shakhtar,0.0,0,0.0,0,Quarter-finals
2022,Shakhtar,0.0,0,0.0,0,Semi-finals
2022,Shakhtar,0.0,0,0.0,0,Final
2022,Beşiktaş,6.1,3,19.6,19,Group stage
2022,Beşiktaş,0.0,0,0.0,0,Round of 16
2022,Beşiktaş,0.0,0,0.0,0,Quarter-finals
2022,Beşiktaş,0.0,0,0.0,0,Semi-finals
2022,Beşiktaş,0.0,0,0.0,0,Final
2022,Dortmund,11.3,10,7.699999999999999,11,Group stage
2022,Dortmund,0.0,0,0.0,0,Round of 16
2022,Dortmund,0.0,0,0.0,0,Quarter-finals
2022,Dortmund,0.0,0,0.0,0,Semi-finals
2022,Dortmund,0.0,0,0.0,0,Final
2022,Sporting CP,11.299999999999999,14,9.1,12,Group stage
2022,Sporting CP,0.9,0,3.6,5,Round of 16
2022,Sporting CP,0.0,0,0.0,0,Quarter-finals
2022,Sporting CP,0.0,0,0.0,0,Semi-finals
2022,Sporting CP,0.0,0,0.0,0,Final
2022,Ajax,15.299999999999999,20,7.6000000000000005,5,Group stage
2022,Ajax,3.7,2,2.4,3,Round of 16
2022,Ajax,0.0,0,0.0,0,Quarter-finals
2022,Ajax,0.0,0,0.0,0,Semi-finals
2022,Ajax,0.0,0,0.0,0,Final
2022,Manchester City,16.799999999999997,18,5.800000000000001,10,Group stage
2022,Manchester City,3.6,5,0.9,0,Round of 16
2022,Manchester City,2.2,1,0.8,0,Quarter-finals
2022,Manchester City,4.1,5,3.9,6,Semi-finals
2022,Manchester City,0.0,0,0.0,0,Final
2022,RB Leipzig,13.5,15,10.899999999999999,14,Group stage
2022,RB Leipzig,0.0,0,0.0,0,Round of 16
2022,RB Leipzig,0.0,0,0.0,0,Quarter-finals
2022,RB Leipzig,0.0,0,0.0,0,Semi-finals
2022,RB Leipzig,0.0,0,0.0,0,Final
2022,Liverpool,12.7,17,7.4,6,Group stage
2022,Liverpool,2.8,2,1.1,1,Round of 16
2022,Liverpool,5.7,6,2.4,4,Quarter-finals
2022,Liverpool,4.1,5,1.3,2,Semi-finals
2022,Liverpool,2.2,0,0.9,1,Final
2022,Milan,5.800000000000001,6,10.299999999999999,9,Group stage
2022,Milan,0.0,0,0.0,0,Round of 16
2022,Milan,0.0,0,0.0,0,Quarter-finals
2022,Milan,0.0,0,0.0,0,Semi-finals
2022,Milan,0.0,0,0.0,0,Final
2022,Inter,11.7,8,5.0,5,Group stage
2022,Inter,1.1,1,2.8,2,Round of 16
2022,Inter,0.0,0,0.0,0,Quarter-finals
2022,Inter,0.0,0,0.0,0,Semi-finals
2022,Inter,0.0,0,0.0,0,Final
2022,Real Madrid,11.6,14,7.1,3,Group stage
2022,Real Madrid,2.1999999999999997,3,3.5,2,Round of 16
2022,Real Madrid,3.0,5,4.0,4,Quarter-finals
2022,Real Madrid,3.9,6,4.1,5,Semi-finals
2022,Real Madrid,0.9,1,2.2,0,Final
2022,Club Brugge,6.100000000000001,6,19.400000000000002,20,Group stage
2022,Club Brugge,0.0,0,0.0,0,Round of 16
2022,Club Brugge,0.0,0,0.0,0,Quarter-finals
2022,Club Brugge,0.0,0,0.0,0,Semi-finals
2022,Club Brugge,0.0,0,0.0,0,Final
2022,Paris S-G,11.5,13,11.8,8,Group stage
2022,Paris S-G,3.5,2,2.1999999999999997,3,Round of 16
2022,Paris S-G,0.0,0,0.0,0,Quarter-finals
2022,Paris S-G,0.0,0,0.0,0,Semi-finals
2022,Paris S-G,0.0,0,0.0,0,Final
2022,Atlético Madrid,9.4,7,9.5,8,Group stage
2022,Atlético Madrid,1.8,2,1.6,1,Round of 16
2022,Atlético Madrid,0.8,0,2.2,1,Quarter-finals
2022,Atlético Madrid,0.0,0,0.0,0,Semi-finals
2022,Atlético Madrid,0.0,0,0.0,0,Final
2022,Porto,8.1,4,8.8,11,Group stage
2022,Porto,0.0,0,0.0,0,Round of 16
2022,Porto,0.0,0,0.0,0,Quarter-finals
2022,Porto,0.0,0,0.0,0,Semi-finals
2022,Porto,0.0,0,0.0,0,Final
2021,Zenit,5.6000000000000005,4,11.299999999999999,13,Group stage
2021,Zenit,0.0,0,0.0,0,Round of 16
2021,Zenit,0.0,0,0.0,0,Quarter-finals
2021,Zenit,0.0,0,0.0,0,Semi-finals
2021,Zenit,0.0,0,0.0,0,Final
2021,Club Brugge,8.5,8,9.3,10,Group stage
2021,Club Brugge,0.0,0,0.0,0,Round of 16
2021,Club Brugge,0.0,0,0.0,0,Quarter-finals
2021,Club Brugge,0.0,0,0.0,0,Semi-finals
2021,Club Brugge,0.0,0,0.0,0,Final
2021,Dynamo Kyiv,6.2,4,13.1,13,Group stage
2021,Dynamo Kyiv,0.0,0,0.0,0,Round of 16
2021,Dynamo Kyiv,0.0,0,0.0,0,Quarter-finals
2021,Dynamo Kyiv,0.0,0,0.0,0,Semi-finals
2021,Dynamo Kyiv,0.0,0,0.0,0,Final
2021,Juventus,11.9,14,6.2,4,Group stage
2021,Juventus,3.9,4,3.5,4,Round of 16
2021,Juventus,0.0,0,0.0,0,Quarter-finals
2021,Juventus,0.0,0,0.0,0,Semi-finals
2021,Juventus,0.0,0,0.0,0,Final
2021,Chelsea,13.200000000000001,14,4.2,2,Group stage
2021,Chelsea,3.0,3,1.3,0,Round of 16
2021,Chelsea,2.8,2,1.7999999999999998,1,Quarter-finals
2021,Chelsea,5.7,3,1.2,1,Semi-finals
2021,Chelsea,1.4,1,0.5,0,Final
2021,Sevilla,9.2,9,7.800000000000001,8,Group stage
2021,Sevilla,2.9,4,3.4000000000000004,5,Round of 16
2021,Sevilla,0.0,0,0.0,0,Quarter-finals
2021,Sevilla,0.0,0,0.0,0,Semi-finals
2021,Sevilla,0.0,0,0.0,0,Final
2021,Barcelona,16.5,16,8.4,5,Group stage
2021,Barcelona,3.8000000000000003,2,4.5,5,Round of 16
2021,Barcelona,0.0,0,0.0,0,Quarter-finals
2021,Barcelona,0.0,0,0.0,0,Semi-finals
2021,Barcelona,0.0,0,0.0,0,Final
2021,Ferencváros,5.7,5,12.600000000000001,17,Group stage
2021,Ferencváros,0.0,0,0.0,0,Round of 16
2021,Ferencváros,0.0,0,0.0,0,Quarter-finals
2021,Ferencváros,0.0,0,0.0,0,Semi-finals
2021,Ferencváros,0.0,0,0.0,0,Final
2021,RB Leipzig,8.4,11,8.8,12,Group stage
2021,RB Leipzig,2.2,0,3.8,4,Round of 16
2021,RB Leipzig,0.0,0,0.0,0,Quarter-finals
2021,RB Leipzig,0.0,0,0.0,0,Semi-finals
2021,RB Leipzig,0.0,0,0.0,0,Final
2021,Başakşehir,5.199999999999999,7,12.2,18,Group stage
2021,Başakşehir,0.0,0,0.0,0,Round of 16
2021,Başakşehir,0.0,0,0.0,0,Quarter-finals
2021,Başakşehir,0.0,0,0.0,0,Semi-finals
2021,Başakşehir,0.0,0,0.0,0,Final
2021,Rennes,7.6,3,12.5,11,Group stage
2021,Rennes,0.0,0,0.0,0,Round of 16
2021,Rennes,0.0,0,0.0,0,Quarter-finals
2021,Rennes,0.0,0,0.0,0,Semi-finals
2021,Rennes,0.0,0,0.0,0,Final
2021,Krasnodar,6.4,6,11.899999999999999,11,Group stage
2021,Krasnodar,0.0,0,0.0,0,Round of 16
2021,Krasnodar,0.0,0,0.0,0,Quarter-finals
2021,Krasnodar,0.0,0,0.0,0,Semi-finals
2021,Krasnodar,0.0,0,0.0,0,Final
2021,Paris S-G,12.1,13,7.6,6,Group stage
2021,Paris S-G,4.5,5,3.8000000000000003,2,Round of 16
2021,Paris S-G,2.9000000000000004,3,5.2,3,Quarter-finals
2021,Paris S-G,1.8,1,2.2,4,Semi-finals
2021,Paris S-G,0.0,0,0.0,0,Final
2021,Manchester Utd,11.399999999999999,15,8.5,10,Group stage
2021,Manchester Utd,0.0,0,0.0,0,Round of 16
2021,Manchester Utd,0.0,0,0.0,0,Quarter-finals
2021,Manchester Utd,0.0,0,0.0,0,Semi-finals
2021,Manchester Utd,0.0,0,0.0,0,Final
2021,Lazio,11.100000000000001,11,7.699999999999999,7,Group stage
2021,Lazio,2.0,2,3.8,6,Round of 16
2021,Lazio,0.0,0,0.0,0,Quarter-finals
2021,Lazio,0.0,0,0.0,0,Semi-finals
2021,Lazio,0.0,0,0.0,0,Final
2021,Dortmund,9.4,12,6.3,5,Group stage
2021,Dortmund,3.4000000000000004,5,2.9,4,Round of 16
2021,Dortmund,1.6,2,4.6,4,Quarter-finals
2021,Dortmund,0.0,0,0.0,0,Semi-finals
2021,Dortmund,0.0,0,0.0,0,Final
2021,Real Madrid,11.0,11,6.5,9,Group stage
2021,Real Madrid,4.2,4,1.4000000000000001,1,Round of 16
2021,Real Madrid,2.9000000000000004,3,1.9,1,Quarter-finals
2021,Real Madrid,1.2,1,5.7,3,Semi-finals
2021,Real Madrid,0.0,0,0.0,0,Final
2021,Shakhtar,4.6000000000000005,5,10.9,12,Group stage
2021,Shakhtar,0.0,0,0.0,0,Round of 16
2021,Shakhtar,0.0,0,0.0,0,Quarter-finals
2021,Shakhtar,0.0,0,0.0,0,Semi-finals
2021,Shakhtar,0.0,0,0.0,0,Final
2021,RB Salzburg,11.1,10,9.2,17,Group stage
2021,RB Salzburg,0.0,0,0.0,0,Round of 16
2021,RB Salzburg,0.0,0,0.0,0,Quarter-finals
2021,RB Salzburg,0.0,0,0.0,0,Semi-finals
2021,RB Salzburg,0.0,0,0.0,0,Final
2021,Loko Moscow,4.9,5,11.0,10,Group stage
2021,Loko Moscow,0.0,0,0.0,0,Round of 16
2021,Loko Moscow,0.0,0,0.0,0,Quarter-finals
2021,Loko Moscow,0.0,0,0.0,0,Semi-finals
2021,Loko Moscow,0.0,0,0.0,0,Final
2021,Manchester City,12.4,13,1.6,1,Group stage
2021,Manchester City,3.0,4,0.7,0,Round of 16
2021,Manchester City,4.6,4,1.6,2,Quarter-finals
2021,Manchester City,2.2,4,1.8,1,Semi-finals
2021,Manchester City,0.5,0,1.4,1,Final
2021,Porto,7.199999999999999,10,8.3,3,Group stage
2021,Porto,3.5,4,3.9,4,Round of 16
2021,Porto,1.7999999999999998,1,2.8,2,Quarter-finals
2021,Porto,0.0,0,0.0,0,Semi-finals
2021,Porto,0.0,0,0.0,0,Final
2021,Bayern Munich,12.8,18,9.0,5,Group stage
2021,Bayern Munich,3.8,6,2.0,2,Round of 16
2021,Bayern Munich,5.2,3,2.9000000000000004,3,Quarter-finals
2021,Bayern Munich,0.0,0,0.0,0,Semi-finals
2021,Bayern Munich,0.0,0,0.0,0,Final
2021,Atlético Madrid,7.699999999999999,7,7.300000000000001,8,Group stage
2021,Atlético Madrid,1.3,0,3.0,3,Round of 16
2021,Atlético Madrid,0.0,0,0.0,0,Quarter-finals
2021,Atlético Madrid,0.0,0,0.0,0,Semi-finals
2021,Atlético Madrid,0.0,0,0.0,0,Final
2021,Inter,8.3,7,6.4,9,Group stage
2021,Inter,0.0,0,0.0,0,Round of 16
2021,Inter,0.0,0,0.0,0,Quarter-finals
2021,Inter,0.0,0,0.0,0,Semi-finals
2021,Inter,0.0,0,0.0,0,Final
2021,M'Gladbach,10.8,16,10.900000000000002,9,Group stage
2021,M'Gladbach,0.7,0,3.0,4,Round of 16
2021,M'Gladbach,0.0,0,0.0,0,Quarter-finals
2021,M'Gladbach,0.0,0,0.0,0,Semi-finals
2021,M'Gladbach,0.0,0,0.0,0,Final
2021,Ajax,8.1,7,8.1,7,Group stage
2021,Ajax,0.0,0,0.0,0,Round of 16
2021,Ajax,0.0,0,0.0,0,Quarter-finals
2021,Ajax,0.0,0,0.0,0,Semi-finals
2021,Ajax,0.0,0,0.0,0,Final
2021,Liverpool,9.1,10,8.8,3,Group stage
2021,Liverpool,3.8,4,2.2,0,Round of 16
2021,Liverpool,1.9,1,2.9000000000000004,3,Quarter-finals
2021,Liverpool,0.0,0,0.0,0,Semi-finals
2021,Liverpool,0.0,0,0.0,0,Final
2021,Midtjylland,7.1,4,11.3,13,Group stage
2021,Midtjylland,0.0,0,0.0,0,Round of 16
2021,Midtjylland,0.0,0,0.0,0,Quarter-finals
2021,Midtjylland,0.0,0,0.0,0,Semi-finals
2021,Midtjylland,0.0,0,0.0,0,Final
2021,Atalanta,10.2,10,6.300000000000001,8,Group stage
2021,Atalanta,1.4000000000000001,1,4.2,4,Round of 16
2021,Atalanta,0.0,0,0.0,0,Quarter-finals
2021,Atalanta,0.0,0,0.0,0,Semi-finals
2021,Atalanta,0.0,0,0.0,0,Final
2021,Olympiacos,4.0,2,9.4,10,Group stage
2021,Olympiacos,0.0,0,0.0,0,Round of 16
2021,Olympiacos,0.0,0,0.0,0,Quarter-finals
2021,Olympiacos,0.0,0,0.0,0,Semi-finals
2021,Olympiacos,0.0,0,0.0,0,Final
2021,Marseille,5.8,2,10.1,13,Group stage
2021,Marseille,0.0,0,0.0,0,Round of 16
2021,Marseille,0.0,0,0.0,0,Quarter-finals
2021,Marseille,0.0,0,0.0,0,Semi-finals
2021,Marseille,0.0,0,0.0,0,Final
2020,Lyon,7.699999999999999,9,9.0,8,Group stage
2020,Lyon,2.1,2,3.7,2,Round of 16
2020,Lyon,1.0,3,2.5,1,Quarter-finals
2020,Lyon,1.8,0,3.2,3,Semi-finals
2020,Lyon,0.0,0,0.0,0,Final
2020,Zenit,6.0,7,9.4,9,Group stage
2020,Zenit,0.0,0,0.0,0,Round of 16
2020,Zenit,0.0,0,0.0,0,Quarter-finals
2020,Zenit,0.0,0,0.0,0,Semi-finals
2020,Zenit,0.0,0,0.0,0,Final
2020,Inter,10.0,10,10.3,9,Group stage
2020,Inter,0.0,0,0.0,0,Round of 16
2020,Inter,0.0,0,0.0,0,Quarter-finals
2020,Inter,0.0,0,0.0,0,Semi-finals
2020,Inter,0.0,0,0.0,0,Final
2020,Slavia Prague,9.399999999999999,4,12.200000000000001,10,Group stage
2020,Slavia Prague,0.0,0,0.0,0,Round of 16
2020,Slavia Prague,0.0,0,0.0,0,Quarter-finals
2020,Slavia Prague,0.0,0,0.0,0,Semi-finals
2020,Slavia Prague,0.0,0,0.0,0,Final
2020,Chelsea,15.399999999999999,11,6.5,9,Group stage
2020,Chelsea,2.1,1,6.3,7,Round of 16
2020,Chelsea,0.0,0,0.0,0,Quarter-finals
2020,Chelsea,0.0,0,0.0,0,Semi-finals
2020,Chelsea,0.0,0,0.0,0,Final
2020,Valencia,10.1,9,11.2,7,Group stage
2020,Valencia,4.7,4,4.5,8,Round of 16
2020,Valencia,0.0,0,0.0,0,Quarter-finals
2020,Valencia,0.0,0,0.0,0,Semi-finals
2020,Valencia,0.0,0,0.0,0,Final
2020,Benfica,8.1,10,9.299999999999999,11,Group stage
2020,Benfica,0.0,0,0.0,0,Round of 16
2020,Benfica,0.0,0,0.0,0,Quarter-finals
2020,Benfica,0.0,0,0.0,0,Semi-finals
2020,Benfica,0.0,0,0.0,0,Final
2020,RB Leipzig,13.1,10,7.200000000000001,8,Group stage
2020,RB Leipzig,3.0,4,1.4000000000000001,0,Round of 16
2020,RB Leipzig,0.9,2,1.1,1,Quarter-finals
2020,RB Leipzig,1.0,0,3.2,3,Semi-finals
2020,RB Leipzig,0.0,0,0.0,0,Final
2020,Dortmund,12.600000000000001,8,10.5,8,Group stage
2020,Dortmund,1.8,2,2.7,3,Round of 16
2020,Dortmund,0.0,0,0.0,0,Quarter-finals
2020,Dortmund,0.0,0,0.0,0,Semi-finals
2020,Dortmund,0.0,0,0.0,0,Final
2020,Barcelona,10.6,9,9.6,4,Group stage
2020,Barcelona,2.7,4,2.9000000000000004,2,Round of 16
2020,Barcelona,1.1,2,5.3,8,Quarter-finals
2020,Barcelona,0.0,0,0.0,0,Semi-finals
2020,Barcelona,0.0,0,0.0,0,Final
2020,RB Salzburg,13.8,16,11.8,13,Group stage
2020,RB Salzburg,0.0,0,0.0,0,Round of 16
2020,RB Salzburg,0.0,0,0.0,0,Quarter-finals
2020,RB Salzburg,0.0,0,0.0,0,Semi-finals
2020,RB Salzburg,0.0,0,0.0,0,Final
2020,Genk,6.8,5,18.3,20,Group stage
2020,Genk,0.0,0,0.0,0,Round of 16
2020,Genk,0.0,0,0.0,0,Quarter-finals
2020,Genk,0.0,0,0.0,0,Semi-finals
2020,Genk,0.0,0,0.0,0,Final
2020,Ajax,7.500000000000001,12,13.899999999999999,6,Group stage
2020,Ajax,0.0,0,0.0,0,Round of 16
2020,Ajax,0.0,0,0.0,0,Quarter-finals
2020,Ajax,0.0,0,0.0,0,Semi-finals
2020,Ajax,0.0,0,0.0,0,Final
2020,Lille,8.700000000000001,4,10.100000000000001,14,Group stage
2020,Lille,0.0,0,0.0,0,Round of 16
2020,Lille,0.0,0,0.0,0,Quarter-finals
2020,Lille,0.0,0,0.0,0,Semi-finals
2020,Lille,0.0,0,0.0,0,Final
2020,Napoli,12.100000000000001,11,8.2,4,Group stage
2020,Napoli,2.9000000000000004,2,2.7,4,Round of 16
2020,Napoli,0.0,0,0.0,0,Quarter-finals
2020,Napoli,0.0,0,0.0,0,Semi-finals
2020,Napoli,0.0,0,0.0,0,Final
2020,Liverpool,12.200000000000001,13,6.6000000000000005,8,Group stage
2020,Liverpool,3.9,2,2.3,4,Round of 16
2020,Liverpool,0.0,0,0.0,0,Quarter-finals
2020,Liverpool,0.0,0,0.0,0,Semi-finals
2020,Liverpool,0.0,0,0.0,0,Final
2020,Club Brugge,7.299999999999999,4,10.4,12,Group stage
2020,Club Brugge,0.0,0,0.0,0,Round of 16
2020,Club Brugge,0.0,0,0.0,0,Quarter-finals
2020,Club Brugge,0.0,0,0.0,0,Semi-finals
2020,Club Brugge,0.0,0,0.0,0,Final
2020,Galatasaray,4.1,1,16.4,14,Group stage
2020,Galatasaray,0.0,0,0.0,0,Round of 16
2020,Galatasaray,0.0,0,0.0,0,Quarter-finals
2020,Galatasaray,0.0,0,0.0,0,Semi-finals
2020,Galatasaray,0.0,0,0.0,0,Final
2020,Olympiacos,8.0,8,12.299999999999997,14,Group stage
2020,Olympiacos,0.0,0,0.0,0,Round of 16
2020,Olympiacos,0.0,0,0.0,0,Quarter-finals
2020,Olympiacos,0.0,0,0.0,0,Semi-finals
2020,Olympiacos,0.0,0,0.0,0,Final
2020,Tottenham,13.0,18,8.2,14,Group stage
2020,Tottenham,1.4000000000000001,0,3.0,4,Round of 16
2020,Tottenham,0.0,0,0.0,0,Quarter-finals
2020,Tottenham,0.0,0,0.0,0,Semi-finals
2020,Tottenham,0.0,0,0.0,0,Final
2020,Atlético Madrid,11.899999999999999,8,4.5,5,Group stage
2020,Atlético Madrid,2.3,4,3.9,2,Round of 16
2020,Atlético Madrid,1.1,1,0.9,2,Quarter-finals
2020,Atlético Madrid,0.0,0,0.0,0,Semi-finals
2020,Atlético Madrid,0.0,0,0.0,0,Final
2020,Juventus,8.4,12,8.8,4,Group stage
2020,Juventus,3.7,2,2.1,2,Round of 16
2020,Juventus,0.0,0,0.0,0,Quarter-finals
2020,Juventus,0.0,0,0.0,0,Semi-finals
2020,Juventus,0.0,0,0.0,0,Final
2020,Paris S-G,16.5,17,7.3999999999999995,2,Group stage
2020,Paris S-G,2.7,3,1.8,2,Round of 16
2020,Paris S-G,2.8,2,0.5,1,Quarter-finals
2020,Paris S-G,3.2,3,1.0,0,Semi-finals
2020,Paris S-G,1.1,0,1.5,1,Final
2020,Real Madrid,14.6,14,8.299999999999999,8,Group stage
2020,Real Madrid,2.0,2,5.300000000000001,4,Round of 16
2020,Real Madrid,0.0,0,0.0,0,Quarter-finals
2020,Real Madrid,0.0,0,0.0,0,Semi-finals
2020,Real Madrid,0.0,0,0.0,0,Final
2020,Bayern Munich,19.299999999999997,24,4.1,5,Group stage
2020,Bayern Munich,6.3,7,2.1,1,Round of 16
2020,Bayern Munich,5.3,8,1.1,2,Quarter-finals
2020,Bayern Munich,3.2,3,1.8,0,Semi-finals
2020,Bayern Munich,1.5,1,1.1,0,Final
2020,Red Star,4.1000000000000005,3,19.8,20,Group stage
2020,Red Star,0.0,0,0.0,0,Round of 16
2020,Red Star,0.0,0,0.0,0,Quarter-finals
2020,Red Star,0.0,0,0.0,0,Semi-finals
2020,Red Star,0.0,0,0.0,0,Final
2020,Dinamo Zagreb,7.6000000000000005,10,16.200000000000003,13,Group stage
2020,Dinamo Zagreb,0.0,0,0.0,0,Round of 16
2020,Dinamo Zagreb,0.0,0,0.0,0,Quarter-finals
2020,Dinamo Zagreb,0.0,0,0.0,0,Semi-finals
2020,Dinamo Zagreb,0.0,0,0.0,0,Final
2020,Atalanta,12.700000000000001,8,11.3,12,Group stage
2020,Atalanta,4.5,8,4.7,4,Round of 16
2020,Atalanta,0.5,1,2.8,2,Quarter-finals
2020,Atalanta,0.0,0,0.0,0,Semi-finals
2020,Atalanta,0.0,0,0.0,0,Final
2020,Leverkusen,6.7,5,6.800000000000001,9,Group stage
2020,Leverkusen,0.0,0,0.0,0,Round of 16
2020,Leverkusen,0.0,0,0.0,0,Quarter-finals
2020,Leverkusen,0.0,0,0.0,0,Semi-finals
2020,Leverkusen,0.0,0,0.0,0,Final
2020,Loko Moscow,6.199999999999999,4,13.100000000000001,11,Group stage
2020,Loko Moscow,0.0,0,0.0,0,Round of 16
2020,Loko Moscow,0.0,0,0.0,0,Quarter-finals
2020,Loko Moscow,0.0,0,0.0,0,Semi-finals
2020,Loko Moscow,0.0,0,0.0,0,Final
2020,Shakhtar,8.2,8,13.2,13,Group stage
2020,Shakhtar,0.0,0,0.0,0,Round of 16
2020,Shakhtar,0.0,0,0.0,0,Quarter-finals
2020,Shakhtar,0.0,0,0.0,0,Semi-finals
2020,Shakhtar,0.0,0,0.0,0,Final
2020,Manchester City,17.1,16,4.9,4,Group stage
2020,Manchester City,5.300000000000001,4,2.0,2,Round of 16
2020,Manchester City,2.5,1,1.0,3,Quarter-finals
2020,Manchester City,0.0,0,0.0,0,Semi-finals
2020,Manchester City,0.0,0,0.0,0,Final
2019,Barcelona,10.4,14,8.6,5,Group stage
2019,Barcelona,6.4,5,0.8999999999999999,1,Round of 16
2019,Barcelona,2.5,4,0.9,0,Quarter-finals
2019,Barcelona,3.8,3,4.1,4,Semi-finals
2019,Barcelona,0.0,0,0.0,0,Final
2019,PSV Eindhoven,7.1000000000000005,6,13.9,13,Group stage
2019,PSV Eindhoven,0.0,0,0.0,0,Round of 16
2019,PSV Eindhoven,0.0,0,0.0,0,Quarter-finals
2019,PSV Eindhoven,0.0,0,0.0,0,Semi-finals
2019,PSV Eindhoven,0.0,0,0.0,0,Final
2019,Inter,8.7,6,7.800000000000001,7,Group stage
2019,Inter,0.0,0,0.0,0,Round of 16
2019,Inter,0.0,0,0.0,0,Quarter-finals
2019,Inter,0.0,0,0.0,0,Semi-finals
2019,Inter,0.0,0,0.0,0,Final
2019,Tottenham,10.5,9,6.3999999999999995,10,Group stage
2019,Tottenham,2.8,4,1.7,0,Round of 16
2019,Tottenham,1.6,4,3.8,4,Quarter-finals
2019,Tottenham,4.8,3,2.9000000000000004,3,Semi-finals
2019,Tottenham,0.8,0,1.3,2,Final
2019,Liverpool,13.900000000000002,9,6.6000000000000005,7,Group stage
2019,Liverpool,3.2,3,0.7,1,Round of 16
2019,Liverpool,5.8,6,1.8,1,Quarter-finals
2019,Liverpool,4.1,4,3.8,3,Semi-finals
2019,Liverpool,1.3,2,0.8,0,Final
2019,Paris S-G,13.000000000000002,17,8.0,9,Group stage
2019,Paris S-G,3.9,3,2.5,3,Round of 16
2019,Paris S-G,0.0,0,0.0,0,Quarter-finals
2019,Paris S-G,0.0,0,0.0,0,Semi-finals
2019,Paris S-G,0.0,0,0.0,0,Final
2019,Red Star,2.9,5,19.499999999999996,17,Group stage
2019,Red Star,0.0,0,0.0,0,Round of 16
2019,Red Star,0.0,0,0.0,0,Quarter-finals
2019,Red Star,0.0,0,0.0,0,Semi-finals
2019,Red Star,0.0,0,0.0,0,Final
2019,Napoli,10.799999999999999,7,6.5,5,Group stage
2019,Napoli,0.0,0,0.0,0,Round of 16
2019,Napoli,0.0,0,0.0,0,Quarter-finals
2019,Napoli,0.0,0,0.0,0,Semi-finals
2019,Napoli,0.0,0,0.0,0,Final
2019,Club Brugge,5.499999999999999,6,6.3,5,Group stage
2019,Club Brugge,0.0,0,0.0,0,Round of 16
2019,Club Brugge,0.0,0,0.0,0,Quarter-finals
2019,Club Brugge,0.0,0,0.0,0,Semi-finals
2019,Club Brugge,0.0,0,0.0,0,Final
2019,Dortmund,10.6,10,4.1,2,Group stage
2019,Dortmund,1.7,0,2.8,4,Round of 16
2019,Dortmund,0.0,0,0.0,0,Quarter-finals
2019,Dortmund,0.0,0,0.0,0,Semi-finals
2019,Dortmund,0.0,0,0.0,0,Final
2019,Monaco,5.0,2,11.0,14,Group stage
2019,Monaco,0.0,0,0.0,0,Round of 16
2019,Monaco,0.0,0,0.0,0,Quarter-finals
2019,Monaco,0.0,0,0.0,0,Semi-finals
2019,Monaco,0.0,0,0.0,0,Final
2019,Atlético Madrid,6.100000000000001,9,5.8,6,Group stage
2019,Atlético Madrid,1.7999999999999998,2,3.2,3,Round of 16
2019,Atlético Madrid,0.0,0,0.0,0,Quarter-finals
2019,Atlético Madrid,0.0,0,0.0,0,Semi-finals
2019,Atlético Madrid,0.0,0,0.0,0,Final
2019,Schalke 04,8.6,6,6.500000000000001,4,Group stage
2019,Schalke 04,1.9000000000000001,2,5.300000000000001,10,Round of 16
2019,Schalke 04,0.0,0,0.0,0,Quarter-finals
2019,Schalke 04,0.0,0,0.0,0,Semi-finals
2019,Schalke 04,0.0,0,0.0,0,Final
2019,Porto,10.2,15,10.0,6,Group stage
2019,Porto,4.8,4,3.4,3,Round of 16
2019,Porto,1.8,1,5.8,6,Quarter-finals
2019,Porto,0.0,0,0.0,0,Semi-finals
2019,Porto,0.0,0,0.0,0,Final
2019,Galatasaray,9.799999999999999,5,9.5,8,Group stage
2019,Galatasaray,0.0,0,0.0,0,Round of 16
2019,Galatasaray,0.0,0,0.0,0,Quarter-finals
2019,Galatasaray,0.0,0,0.0,0,Semi-finals
2019,Galatasaray,0.0,0,0.0,0,Final
2019,Loko Moscow,6.500000000000001,4,9.1,12,Group stage
2019,Loko Moscow,0.0,0,0.0,0,Round of 16
2019,Loko Moscow,0.0,0,0.0,0,Quarter-finals
2019,Loko Moscow,0.0,0,0.0,0,Semi-finals
2019,Loko Moscow,0.0,0,0.0,0,Final
2019,Ajax,11.2,11,7.5,5,Group stage
2019,Ajax,4.800000000000001,5,4.0,3,Round of 16
2019,Ajax,3.4000000000000004,3,1.5,2,Quarter-finals
2019,Ajax,2.9000000000000004,3,4.8,3,Semi-finals
2019,Ajax,0.0,0,0.0,0,Final
2019,AEK Athens,4.7,2,11.9,13,Group stage
2019,AEK Athens,0.0,0,0.0,0,Round of 16
2019,AEK Athens,0.0,0,0.0,0,Quarter-finals
2019,AEK Athens,0.0,0,0.0,0,Semi-finals
2019,AEK Athens,0.0,0,0.0,0,Final
2019,Shakhtar,6.9,8,13.200000000000001,16,Group stage
2019,Shakhtar,0.0,0,0.0,0,Round of 16
2019,Shakhtar,0.0,0,0.0,0,Quarter-finals
2019,Shakhtar,0.0,0,0.0,0,Semi-finals
2019,Shakhtar,0.0,0,0.0,0,Final
2019,Hoffenheim,11.100000000000001,11,12.3,14,Group stage
2019,Hoffenheim,0.0,0,0.0,0,Round of 16
2019,Hoffenheim,0.0,0,0.0,0,Quarter-finals
2019,Hoffenheim,0.0,0,0.0,0,Semi-finals
2019,Hoffenheim,0.0,0,0.0,0,Final
2019,Manchester City,13.8,16,6.6,6,Group stage
2019,Manchester City,5.300000000000001,10,1.9000000000000001,2,Round of 16
2019,Manchester City,3.8,4,1.6,4,Quarter-finals
2019,Manchester City,0.0,0,0.0,0,Semi-finals
2019,Manchester City,0.0,0,0.0,0,Final
2019,Lyon,11.2,12,10.899999999999999,11,Group stage
2019,Lyon,0.8999999999999999,1,6.4,5,Round of 16
2019,Lyon,0.0,0,0.0,0,Quarter-finals
2019,Lyon,0.0,0,0.0,0,Semi-finals
2019,Lyon,0.0,0,0.0,0,Final
2019,Benfica,6.3,6,10.6,11,Group stage
2019,Benfica,0.0,0,0.0,0,Round of 16
2019,Benfica,0.0,0,0.0,0,Quarter-finals
2019,Benfica,0.0,0,0.0,0,Semi-finals
2019,Benfica,0.0,0,0.0,0,Final
2019,Bayern Munich,13.899999999999999,15,6.1,5,Group stage
2019,Bayern Munich,0.7,1,3.2,3,Round of 16
2019,Bayern Munich,0.0,0,0.0,0,Quarter-finals
2019,Bayern Munich,0.0,0,0.0,0,Semi-finals
2019,Bayern Munich,0.0,0,0.0,0,Final
2019,Valencia,6.799999999999999,6,11.100000000000001,6,Group stage
2019,Valencia,0.0,0,0.0,0,Round of 16
2019,Valencia,0.0,0,0.0,0,Quarter-finals
2019,Valencia,0.0,0,0.0,0,Semi-finals
2019,Valencia,0.0,0,0.0,0,Final
2019,Juventus,14.100000000000001,9,4.8,4,Group stage
2019,Juventus,3.2,3,1.7999999999999998,2,Round of 16
2019,Juventus,1.5,2,3.4000000000000004,3,Quarter-finals
2019,Juventus,0.0,0,0.0,0,Semi-finals
2019,Juventus,0.0,0,0.0,0,Final
2019,Real Madrid,12.9,12,6.1000000000000005,5,Group stage
2019,Real Madrid,4.0,3,4.800000000000001,5,Round of 16
2019,Real Madrid,0.0,0,0.0,0,Quarter-finals
2019,Real Madrid,0.0,0,0.0,0,Semi-finals
2019,Real Madrid,0.0,0,0.0,0,Final
2019,Roma,11.6,11,9.100000000000001,8,Group stage
2019,Roma,3.4,3,4.8,4,Round of 16
2019,Roma,0.0,0,0.0,0,Quarter-finals
2019,Roma,0.0,0,0.0,0,Semi-finals
2019,Roma,0.0,0,0.0,0,Final
2019,Young Boys,6.6,4,11.4,12,Group stage
2019,Young Boys,0.0,0,0.0,0,Round of 16
2019,Young Boys,0.0,0,0.0,0,Quarter-finals
2019,Young Boys,0.0,0,0.0,0,Semi-finals
2019,Young Boys,0.0,0,0.0,0,Final
2019,Manchester Utd,7.1,7,7.300000000000001,4,Group stage
2019,Manchester Utd,2.5,3,3.9,3,Round of 16
2019,Manchester Utd,0.9,0,2.5,4,Quarter-finals
2019,Manchester Utd,0.0,0,0.0,0,Semi-finals
2019,Manchester Utd,0.0,0,0.0,0,Final
2019,Viktoria Plzeň,7.9,7,12.299999999999999,16,Group stage
2019,Viktoria Plzeň,0.0,0,0.0,0,Round of 16
2019,Viktoria Plzeň,0.0,0,0.0,0,Quarter-finals
2019,Viktoria Plzeň,0.0,0,0.0,0,Semi-finals
2019,Viktoria Plzeň,0.0,0,0.0,0,Final
2019,CSKA Moscow,6.800000000000001,8,11.700000000000001,9,Group stage
2019,CSKA Moscow,0.0,0,0.0,0,Round of 16
2019,CSKA Moscow,0.0,0,0.0,0,Quarter-finals
2019,CSKA Moscow,0.0,0,0.0,0,Semi-finals
2019,CSKA Moscow,0.0,0,0.0,0,Final
2018,Chelsea,14.2,16,6.0,8,Group stage
2018,Chelsea,1.2,1,1.6,4,Round of 16
2018,Chelsea,0.0,0,0.0,0,Quarter-finals
2018,Chelsea,0.0,0,0.0,0,Semi-finals
2018,Chelsea,0.0,0,0.0,0,Final
2018,Qarabağ FK,2.4,2,14.8,14,Group stage
2018,Qarabağ FK,0.0,0,0.0,0,Round of 16
2018,Qarabağ FK,0.0,0,0.0,0,Quarter-finals
2018,Qarabağ FK,0.0,0,0.0,0,Semi-finals
2018,Qarabağ FK,0.0,0,0.0,0,Final
2018,Celtic,4.7,5,10.5,18,Group stage
2018,Celtic,0.0,0,0.0,0,Round of 16
2018,Celtic,0.0,0,0.0,0,Quarter-finals
2018,Celtic,0.0,0,0.0,0,Semi-finals
2018,Celtic,0.0,0,0.0,0,Final
2018,Paris S-G,15.1,25,4.8999999999999995,4,Group stage
2018,Paris S-G,2.1,2,4.6,5,Round of 16
2018,Paris S-G,0.0,0,0.0,0,Quarter-finals
2018,Paris S-G,0.0,0,0.0,0,Semi-finals
2018,Paris S-G,0.0,0,0.0,0,Final
2018,Manchester Utd,15.4,12,4.5,3,Group stage
2018,Manchester Utd,2.5999999999999996,1,3.7,2,Round of 16
2018,Manchester Utd,0.0,0,0.0,0,Quarter-finals
2018,Manchester Utd,0.0,0,0.0,0,Semi-finals
2018,Manchester Utd,0.0,0,0.0,0,Final
2018,Basel,8.9,11,8.4,5,Group stage
2018,Basel,1.6,2,2.3,5,Round of 16
2018,Basel,0.0,0,0.0,0,Quarter-finals
2018,Basel,0.0,0,0.0,0,Semi-finals
2018,Basel,0.0,0,0.0,0,Final
2018,Benfica,6.300000000000001,1,10.500000000000002,14,Group stage
2018,Benfica,0.0,0,0.0,0,Round of 16
2018,Benfica,0.0,0,0.0,0,Quarter-finals
2018,Benfica,0.0,0,0.0,0,Semi-finals
2018,Benfica,0.0,0,0.0,0,Final
2018,CSKA Moscow,5.7,8,12.9,10,Group stage
2018,CSKA Moscow,0.0,0,0.0,0,Round of 16
2018,CSKA Moscow,0.0,0,0.0,0,Quarter-finals
2018,CSKA Moscow,0.0,0,0.0,0,Semi-finals
2018,CSKA Moscow,0.0,0,0.0,0,Final
2018,Roma,7.9,9,8.0,6,Group stage
2018,Roma,2.5,2,1.9,2,Round of 16
2018,Roma,4.4,4,2.8,4,Quarter-finals
2018,Roma,4.3,6,5.300000000000001,7,Semi-finals
2018,Roma,0.0,0,0.0,0,Final
2018,Atlético Madrid,11.299999999999999,5,7.0,4,Group stage
2018,Atlético Madrid,0.0,0,0.0,0,Round of 16
2018,Atlético Madrid,0.0,0,0.0,0,Quarter-finals
2018,Atlético Madrid,0.0,0,0.0,0,Semi-finals
2018,Atlético Madrid,0.0,0,0.0,0,Final
2018,Barcelona,9.2,9,3.4,1,Group stage
2018,Barcelona,1.6,4,1.2,1,Round of 16
2018,Barcelona,2.8,4,4.4,4,Quarter-finals
2018,Barcelona,0.0,0,0.0,0,Semi-finals
2018,Barcelona,0.0,0,0.0,0,Final
2018,Juventus,8.5,7,4.3,5,Group stage
2018,Juventus,4.0,4,3.5,3,Round of 16
2018,Juventus,4.300000000000001,3,5.800000000000001,4,Quarter-finals
2018,Juventus,0.0,0,0.0,0,Semi-finals
2018,Juventus,0.0,0,0.0,0,Final
2018,Bayern Munich,13.100000000000001,13,8.5,6,Group stage
2018,Bayern Munich,7.0,8,1.5,1,Round of 16
2018,Bayern Munich,2.5999999999999996,2,1.5,1,Quarter-finals
2018,Bayern Munich,4.9,3,2.5,4,Semi-finals
2018,Bayern Munich,0.0,0,0.0,0,Final
2018,Anderlecht,5.3,2,14.3,17,Group stage
2018,Anderlecht,0.0,0,0.0,0,Round of 16
2018,Anderlecht,0.0,0,0.0,0,Quarter-finals
2018,Anderlecht,0.0,0,0.0,0,Semi-finals
2018,Anderlecht,0.0,0,0.0,0,Final
2018,Olympiacos,3.5,4,13.700000000000001,13,Group stage
2018,Olympiacos,0.0,0,0.0,0,Round of 16
2018,Olympiacos,0.0,0,0.0,0,Quarter-finals
2018,Olympiacos,0.0,0,0.0,0,Semi-finals
2018,Olympiacos,0.0,0,0.0,0,Final
2018,Sporting CP,7.3,8,7.1000000000000005,9,Group stage
2018,Sporting CP,0.0,0,0.0,0,Round of 16
2018,Sporting CP,0.0,0,0.0,0,Quarter-finals
2018,Sporting CP,0.0,0,0.0,0,Semi-finals
2018,Sporting CP,0.0,0,0.0,0,Final
2018,Porto,9.9,15,7.0,10,Group stage
2018,Porto,1.1,0,4.2,5,Round of 16
2018,Porto,0.0,0,0.0,0,Quarter-finals
2018,Porto,0.0,0,0.0,0,Semi-finals
2018,Porto,0.0,0,0.0,0,Final
2018,Beşiktaş,6.8999999999999995,11,8.0,5,Group stage
2018,Beşiktaş,1.5,1,7.0,8,Round of 16
2018,Beşiktaş,0.0,0,0.0,0,Quarter-finals
2018,Beşiktaş,0.0,0,0.0,0,Semi-finals
2018,Beşiktaş,0.0,0,0.0,0,Final
2018,Liverpool,19.0,23,4.6,6,Group stage
2018,Liverpool,4.2,5,1.1,0,Round of 16
2018,Liverpool,2.4000000000000004,5,1.7999999999999998,1,Quarter-finals
2018,Liverpool,5.300000000000001,7,4.3,6,Semi-finals
2018,Liverpool,1.9,1,1.5,3,Final
2018,Sevilla,10.899999999999999,12,8.8,12,Group stage
2018,Sevilla,3.7,2,2.5999999999999996,1,Round of 16
2018,Sevilla,1.5,1,2.5999999999999996,2,Quarter-finals
2018,Sevilla,0.0,0,0.0,0,Semi-finals
2018,Sevilla,0.0,0,0.0,0,Final
2018,Tottenham,9.599999999999998,15,8.6,4,Group stage
2018,Tottenham,3.5,3,4.0,4,Round of 16
2018,Tottenham,0.0,0,0.0,0,Quarter-finals
2018,Tottenham,0.0,0,0.0,0,Semi-finals
2018,Tottenham,0.0,0,0.0,0,Final
2018,Dortmund,9.7,7,9.8,13,Group stage
2018,Dortmund,0.0,0,0.0,0,Round of 16
2018,Dortmund,0.0,0,0.0,0,Quarter-finals
2018,Dortmund,0.0,0,0.0,0,Semi-finals
2018,Dortmund,0.0,0,0.0,0,Final
2018,NK Maribor,4.199999999999999,3,16.1,16,Group stage
2018,NK Maribor,0.0,0,0.0,0,Round of 16
2018,NK Maribor,0.0,0,0.0,0,Quarter-finals
2018,NK Maribor,0.0,0,0.0,0,Semi-finals
2018,NK Maribor,0.0,0,0.0,0,Final
2018,Spartak Moscow,6.9,9,11.5,13,Group stage
2018,Spartak Moscow,0.0,0,0.0,0,Round of 16
2018,Spartak Moscow,0.0,0,0.0,0,Quarter-finals
2018,Spartak Moscow,0.0,0,0.0,0,Semi-finals
2018,Spartak Moscow,0.0,0,0.0,0,Final
2018,Feyenoord,5.5,5,8.7,14,Group stage
2018,Feyenoord,0.0,0,0.0,0,Round of 16
2018,Feyenoord,0.0,0,0.0,0,Quarter-finals
2018,Feyenoord,0.0,0,0.0,0,Semi-finals
2018,Feyenoord,0.0,0,0.0,0,Final
2018,Manchester City,11.6,14,7.1,5,Group stage
2018,Manchester City,2.3,5,1.6,2,Round of 16
2018,Manchester City,1.7999999999999998,1,2.4000000000000004,5,Quarter-finals
2018,Manchester City,0.0,0,0.0,0,Semi-finals
2018,Manchester City,0.0,0,0.0,0,Final
2018,RB Leipzig,9.6,10,7.6,11,Group stage
2018,RB Leipzig,0.0,0,0.0,0,Round of 16
2018,RB Leipzig,0.0,0,0.0,0,Quarter-finals
2018,RB Leipzig,0.0,0,0.0,0,Semi-finals
2018,RB Leipzig,0.0,0,0.0,0,Final
2018,Monaco,5.9,6,9.7,16,Group stage
2018,Monaco,0.0,0,0.0,0,Round of 16
2018,Monaco,0.0,0,0.0,0,Quarter-finals
2018,Monaco,0.0,0,0.0,0,Semi-finals
2018,Monaco,0.0,0,0.0,0,Final
2018,Real Madrid,18.599999999999998,17,6.8,7,Group stage
2018,Real Madrid,4.6,5,2.1,2,Round of 16
2018,Real Madrid,5.800000000000001,4,4.300000000000001,3,Quarter-finals
2018,Real Madrid,2.5,4,4.9,3,Semi-finals
2018,Real Madrid,1.5,3,1.9,1,Final
2018,APOEL FC,3.9000000000000004,2,16.6,17,Group stage
2018,APOEL FC,0.0,0,0.0,0,Round of 16
2018,APOEL FC,0.0,0,0.0,0,Quarter-finals
2018,APOEL FC,0.0,0,0.0,0,Semi-finals
2018,APOEL FC,0.0,0,0.0,0,Final
2018,Shakhtar,8.0,9,11.299999999999999,9,Group stage
2018,Shakhtar,1.9,2,2.5,2,Round of 16
2018,Shakhtar,0.0,0,0.0,0,Quarter-finals
2018,Shakhtar,0.0,0,0.0,0,Semi-finals
2018,Shakhtar,0.0,0,0.0,0,Final
2018,Napoli,10.3,11,8.299999999999999,11,Group stage
2018,Napoli,0.0,0,0.0,0,Round of 16
2018,Napoli,0.0,0,0.0,0,Quarter-finals
2018,Napoli,0.0,0,0.0,0,Semi-finals
2018,Napoli,0.0,0,0.0,0,Final
