Round,Wk,Day,Date,Time,Home,xG-H,Score,xG-A,Away,Attendance,Venue,Referee,Match Report,Notes,Année édition
Group stage,1,Tue,2022-09-06,18:45 ,Dinamo Zagreb,0.6,1–0,0.9,Chelsea,"20,607",Stadion Maksimir,István Kovács,Match Report,,2023
Group stage,1,Tue,2022-09-06,18:45 ,Dortmund,2.3,3–0,0.5,FC Copenhagen,"70,700",Signal Iduna Park,François Letexier,Match Report,,2023
Group stage,1,Tue,2022-09-06,20:00 ,Celtic,1.4,0–3,1.9,Real Madrid,"57,057",Celtic Park,Sandro Schärer,Match Report,,2023
Group stage,1,Tue,2022-09-06,20:00 ,Benfica,1.1,2–0,0.2,Maccabi Haifa,"55,130",Estádio do Sport Lisboa e Benfica,Andreas Ekberg,Match Report,,2023
Group stage,1,Tue,2022-09-06,21:00 ,RB Salzburg,1.3,1–1,0.9,Milan,"29,520",Red Bull Arena,Srđan Jovanović,Match Report,,2023
Group stage,1,Tue,2022-09-06,21:00 ,Sevilla,0.3,0–4,3.6,Manchester City,"38,764",Estadio Ramón Sánchez Pizjuán,Davide Massa,Match Report,,2023
Group stage,1,Tue,2022-09-06,21:00 ,RB Leipzig,1.4,1–4,0.9,Shakhtar,"41,591",Red Bull Arena,João Pinheiro,Match Report,,2023
Group stage,1,Tue,2022-09-06,21:00 ,Paris S-G,1.7,2–1,1.0,Juventus,"47,415",Parc des Princes,Anthony Taylor,Match Report,,2023
Group stage,1,Wed,2022-09-07,18:45 ,Ajax,2.1,4–0,0.1,Rangers,"52,862",Johan Cruyff ArenA,Tobias Stieler,Match Report,,2023
Group stage,1,Wed,2022-09-07,18:45 ,Eint Frankfurt,0.8,0–3,0.9,Sporting CP,"50,500",Deutsche Bank Park,Orel Grinfeeld,Match Report,,2023
Group stage,1,Wed,2022-09-07,20:00 ,Tottenham,1.5,2–0,0.4,Marseille,"57,367",Tottenham Hotspur Stadium,Slavko Vinčič,Match Report,,2023
Group stage,1,Wed,2022-09-07,21:00 ,Napoli,4.0,4–1,1.0,Liverpool,"51,793",Stadio Diego Armando Maradona,Carlos del Cerro,Match Report,,2023
Group stage,1,Wed,2022-09-07,21:00 ,Atlético Madrid,0.8,2–1,2.0,Porto,"51,777",Estadio Cívitas Metropolitano,Szymon Marciniak,Match Report,,2023
Group stage,1,Wed,2022-09-07,21:00 ,Barcelona,2.3,5–1,0.8,Viktoria Plzeň,"77,411",Camp Nou,Lawrence Visser,Match Report,,2023
Group stage,1,Wed,2022-09-07,21:00 ,Inter,0.7,0–2,2.5,Bayern Munich,"58,951",Stadio Giuseppe Meazza,Clément Turpin,Match Report,,2023
Group stage,1,Wed,2022-09-07,21:00 ,Club Brugge,0.5,1–0,1.0,Leverkusen,"21,235",Jan Breydelstadion,Irfan Peljto,Match Report,,2023
Group stage,2,Tue,2022-09-13,17:45 ,Sporting CP,0.9,2–0,0.9,Tottenham,"39,899",Estádio José Alvalade,Srđan Jovanović,Match Report,,2023
Group stage,2,Tue,2022-09-13,18:45 ,Viktoria Plzeň,0.3,0–2,1.9,Inter,"11,252",Doosan Arena,Sandro Schärer,Match Report,,2023
Group stage,2,Tue,2022-09-13,20:00 ,Liverpool,2.2,2–1,0.3,Ajax,"52,387",Anfield,Artur Dias,Match Report,,2023
Group stage,2,Tue,2022-09-13,20:00 ,Porto,1.0,0–4,2.7,Club Brugge,"39,225",Estádio Do Dragão,Anastasios Sidiropoulos,Match Report,,2023
Group stage,2,Tue,2022-09-13,21:00 ,Leverkusen,1.8,2–0,0.9,Atlético Madrid,"25,825",BayArena,Michael Oliver,Match Report,,2023
Group stage,2,Tue,2022-09-13,21:00 ,Marseille,0.9,0–1,1.2,Eint Frankfurt,"62,500",Orange Vélodrome,José Sánchez,Match Report,,2023
Group stage,2,Tue,2022-09-13,21:00 ,Bayern Munich,1.7,2–0,2.0,Barcelona,"75,000",Allianz Arena,Danny Makkelie,Match Report,,2023
Group stage,2,Wed,2022-09-14,18:45 ,Milan,2.2,3–1,0.4,Dinamo Zagreb,"61,341",Stadio Giuseppe Meazza,Jesús Gil,Match Report,,2023
Group stage,2,Wed,2022-09-14,19:45 ,Shakhtar,0.4,1–1,1.5,Celtic,"20,697",Stadion Miejski Legii Warszawa im. Marsz...,Glenn Nyberg,Match Report,,2023
Group stage,2,Wed,2022-09-14,20:00 ,Rangers,1.3,0–3,3.5,Napoli,"50,121",Ibrox Stadium,Antonio Matéu,Match Report,,2023
Group stage,2,Wed,2022-09-14,20:00 ,Chelsea,1.2,1–1,0.4,RB Salzburg,"38,818",Stamford Bridge,Ivan Kružliak,Match Report,,2023
Group stage,2,Wed,2022-09-14,20:00 ,Manchester City,1.0,2–1,0.7,Dortmund,"50,441",Etihad Stadium,Daniele Orsato,Match Report,,2023
Group stage,2,Wed,2022-09-14,21:00 ,FC Copenhagen,0.7,0–0,0.8,Sevilla,"34,910",Parken,Irfan Peljto,Match Report,,2023
Group stage,2,Wed,2022-09-14,21:00 ,Juventus,0.8,1–2,2.2,Benfica,"34,015",Allianz Stadium,Felix Zwayer,Match Report,,2023
Group stage,2,Wed,2022-09-14,21:00 ,Real Madrid,0.9,2–0,0.7,RB Leipzig,"54,289",Estadio Santiago Bernabéu,Maurizio Mariani,Match Report,,2023
Group stage,2,Wed,2022-09-14,22:00 ,Maccabi Haifa,1.0,1–3,1.8,Paris S-G,"30,412",Sammy Ofer Stadium,Daniel Siebert,Match Report,,2023
Group stage,3,Tue,2022-10-04,18:45 ,Bayern Munich,2.4,5–0,0.5,Viktoria Plzeň,"75,000",Allianz Arena,Nikola Dabanović,Match Report,,2023
Group stage,3,Tue,2022-10-04,18:55 ,Marseille,2.5,4–1,0.4,Sporting CP,618,Orange Vélodrome,Davide Massa,Match Report,,2023
Group stage,3,Tue,2022-10-04,20:00 ,Liverpool,2.9,2–0,0.4,Rangers,"49,512",Anfield,Clément Turpin,Match Report,,2023
Group stage,3,Tue,2022-10-04,20:00 ,Porto,1.1,2–0,1.4,Leverkusen,"42,399",Estádio Do Dragão,Anthony Taylor,Match Report,,2023
Group stage,3,Tue,2022-10-04,21:00 ,Eint Frankfurt,1.0,0–0,1.5,Tottenham,"50,500",Deutsche Bank Park,Daniele Orsato,Match Report,,2023
Group stage,3,Tue,2022-10-04,21:00 ,Inter,0.2,1–0,0.5,Barcelona,"71,368",Stadio Giuseppe Meazza,Slavko Vinčič,Match Report,,2023
Group stage,3,Tue,2022-10-04,21:00 ,Ajax,1.4,1–6,3.3,Napoli,"52,896",Johan Cruyff ArenA,François Letexier,Match Report,,2023
Group stage,3,Tue,2022-10-04,21:00 ,Club Brugge,1.3,2–0,2.1,Atlético Madrid,"25,667",Jan Breydelstadion,István Kovács,Match Report,,2023
Group stage,3,Wed,2022-10-05,18:45 ,RB Leipzig,2.2,3–1,0.9,Celtic,"45,228",Red Bull Arena,Espen Andreas Eskås,Match Report,,2023
Group stage,3,Wed,2022-10-05,18:45 ,RB Salzburg,2.2,1–0,0.7,Dinamo Zagreb,"28,864",Red Bull Arena,Andris Treimanis,Match Report,,2023
Group stage,3,Wed,2022-10-05,20:00 ,Chelsea,1.1,3–0,0.4,Milan,"39,537",Stamford Bridge,Danny Makkelie,Match Report,,2023
Group stage,3,Wed,2022-10-05,20:00 ,Benfica,1.4,1–1,1.0,Paris S-G,"62,295",Estádio do Sport Lisboa e Benfica,Jesús Gil,Match Report,,2023
Group stage,3,Wed,2022-10-05,20:00 ,Manchester City,4.3,5–0,0.4,FC Copenhagen,"51,765",Etihad Stadium,Donatas Rumšas,Match Report,,2023
Group stage,3,Wed,2022-10-05,21:00 ,Real Madrid,3.4,2–1,0.8,Shakhtar,"56,011",Estadio Santiago Bernabéu,Ivan Kružliak,Match Report,,2023
Group stage,3,Wed,2022-10-05,21:00 ,Sevilla,2.0,1–4,2.5,Dortmund,"34,598",Estadio Ramón Sánchez Pizjuán,Maurizio Mariani,Match Report,,2023
Group stage,3,Wed,2022-10-05,21:00 ,Juventus,2.3,3–1,2.0,Maccabi Haifa,"28,498",Allianz Stadium,Sandro Schärer,Match Report,,2023
Group stage,4,Tue,2022-10-11,18:45 ,FC Copenhagen,0.3,0–0,1.6,Manchester City,"35,447",Parken,Artur Dias,Match Report,,2023
Group stage,4,Tue,2022-10-11,19:45 ,Maccabi Haifa,0.8,2–0,0.5,Juventus,"30,074",Sammy Ofer Stadium,Antonio Matéu,Match Report,,2023
Group stage,4,Tue,2022-10-11,20:00 ,Celtic,2.0,0–2,1.7,RB Leipzig,"57,565",Celtic Park,Halil Umut Meler,Match Report,,2023
Group stage,4,Tue,2022-10-11,21:00 ,Dortmund,0.4,1–1,0.8,Sevilla,"81,000",Signal Iduna Park,Srđan Jovanović,Match Report,,2023
Group stage,4,Tue,2022-10-11,21:00 ,Paris S-G,1.2,1–1,1.2,Benfica,"46,435",Parc des Princes,Michael Oliver,Match Report,,2023
Group stage,4,Tue,2022-10-11,21:00 ,Milan,0.4,0–2,2.2,Chelsea,"75,051",Stadio Giuseppe Meazza,Daniel Siebert,Match Report,,2023
Group stage,4,Tue,2022-10-11,21:00 ,Dinamo Zagreb,0.9,1–1,1.3,RB Salzburg,"20,779",Stadion Maksimir,Tobias Stieler,Match Report,,2023
Group stage,4,Tue,2022-10-11,22:00 ,Shakhtar,0.5,1–1,1.1,Real Madrid,"29,030",Stadion Miejski Legii Warszawa im. Marsz...,Orel Grinfeeld,Match Report,,2023
Group stage,4,Wed,2022-10-12,18:45 ,Napoli,3.2,4–2,1.6,Ajax,"52,229",Stadio Diego Armando Maradona,Felix Zwayer,Match Report,,2023
Group stage,4,Wed,2022-10-12,18:45 ,Atlético Madrid,2.3,0–0,0.6,Club Brugge,"60,810",Estadio Cívitas Metropolitano,Danny Makkelie,Match Report,,2023
Group stage,4,Wed,2022-10-12,20:00 ,Sporting CP,0.3,0–2,2.8,Marseille,"38,126",Estádio José Alvalade,Alejandro Hernández,Match Report,,2023
Group stage,4,Wed,2022-10-12,20:00 ,Rangers,0.5,1–7,2.2,Liverpool,"48,820",Ibrox Stadium,Slavko Vinčič,Match Report,,2023
Group stage,4,Wed,2022-10-12,20:00 ,Tottenham,3.0,3–2,1.2,Eint Frankfurt,"55,180",Tottenham Hotspur Stadium,Carlos del Cerro,Match Report,,2023
Group stage,4,Wed,2022-10-12,21:00 ,Viktoria Plzeň,1.2,2–4,3.0,Bayern Munich,"11,326",Doosan Arena,Bartosz Frankowski,Match Report,,2023
Group stage,4,Wed,2022-10-12,21:00 ,Leverkusen,2.2,0–3,1.8,Porto,"30,210",BayArena,István Kovács,Match Report,,2023
Group stage,4,Wed,2022-10-12,21:00 ,Barcelona,2.2,3–3,2.0,Inter,"92,302",Camp Nou,Szymon Marciniak,Match Report,,2023
Group stage,5,Tue,2022-10-25,18:45 ,Sevilla,1.0,3–0,1.1,FC Copenhagen,"29,884",Estadio Ramón Sánchez Pizjuán,Benoît Bastien,Match Report,,2023
Group stage,5,Tue,2022-10-25,18:45 ,RB Salzburg,1.6,1–2,1.5,Chelsea,"29,520",Red Bull Arena,Sandro Schärer,Match Report,,2023
Group stage,5,Tue,2022-10-25,20:00 ,Benfica,3.3,4–3,2.4,Juventus,"60,131",Estádio do Sport Lisboa e Benfica,Srđan Jovanović,Match Report,,2023
Group stage,5,Tue,2022-10-25,20:00 ,Celtic,1.4,1–1,0.8,Shakhtar,"57,478",Celtic Park,Serdar Gözübüyük,Match Report,,2023
Group stage,5,Tue,2022-10-25,21:00 ,Paris S-G,2.6,7–2,0.8,Maccabi Haifa,"46,435",Parc des Princes,Felix Zwayer,Match Report,,2023
Group stage,5,Tue,2022-10-25,21:00 ,Dortmund,1.2,0–0,1.2,Manchester City,"81,000",Signal Iduna Park,Davide Massa,Match Report,,2023
Group stage,5,Tue,2022-10-25,21:00 ,RB Leipzig,2.2,3–2,2.1,Real Madrid,"45,228",Red Bull Arena,Daniele Orsato,Match Report,,2023
Group stage,5,Tue,2022-10-25,21:00 ,Dinamo Zagreb,0.7,0–4,3.2,Milan,"20,572",Stadion Maksimir,Szymon Marciniak,Match Report,,2023
Group stage,5,Wed,2022-10-26,18:45 ,Club Brugge,1.4,0–4,3.2,Porto,"26,144",Jan Breydelstadion,Michael Oliver,Match Report,,2023
Group stage,5,Wed,2022-10-26,18:45 ,Inter,3.2,4–0,0.1,Viktoria Plzeň,"71,849",Stadio Giuseppe Meazza,Andreas Ekberg,Match Report,,2023
Group stage,5,Wed,2022-10-26,20:00 ,Tottenham,1.7,1–1,0.8,Sporting CP,"59,588",Tottenham Hotspur Stadium,Danny Makkelie,Match Report,,2023
Group stage,5,Wed,2022-10-26,21:00 ,Eint Frankfurt,1.1,2–1,0.7,Marseille,"48,700",Deutsche Bank Park,Jesús Gil,Match Report,,2023
Group stage,5,Wed,2022-10-26,21:00 ,Atlético Madrid,2.6,2–2,1.5,Leverkusen,"63,803",Estadio Cívitas Metropolitano,Clément Turpin,Match Report,,2023
Group stage,5,Wed,2022-10-26,21:00 ,Barcelona,0.7,0–3,2.1,Bayern Munich,"84,016",Camp Nou,Anthony Taylor,Match Report,,2023
Group stage,5,Wed,2022-10-26,21:00 ,Ajax,1.2,0–3,1.6,Liverpool,"53,327",Johan Cruyff ArenA,José Sánchez,Match Report,,2023
Group stage,5,Wed,2022-10-26,21:00 ,Napoli,1.8,3–0,0.7,Rangers,"39,835",Stadio Diego Armando Maradona,Halil Umut Meler,Match Report,,2023
Group stage,6,Tue,2022-11-01,17:45 ,Porto,2.7,2–1,0.8,Atlético Madrid,"47,546",Estádio Do Dragão,Daniele Orsato,Match Report,,2023
Group stage,6,Tue,2022-11-01,18:45 ,Leverkusen,1.1,0–0,0.5,Club Brugge,"30,210",BayArena,Maurizio Mariani,Match Report,,2023
Group stage,6,Tue,2022-11-01,20:00 ,Liverpool,2.4,2–0,0.4,Napoli,"52,077",Anfield,Tobias Stieler,Match Report,,2023
Group stage,6,Tue,2022-11-01,20:00 ,Rangers,1.8,1–3,1.8,Ajax,"48,817",Ibrox Stadium,Glenn Nyberg,Match Report,,2023
Group stage,6,Tue,2022-11-01,20:00 ,Sporting CP,0.5,1–2,1.2,Eint Frankfurt,"41,744",Estádio José Alvalade,Slavko Vinčič,Match Report,,2023
Group stage,6,Tue,2022-11-01,21:00 ,Marseille,1.4,1–2,0.6,Tottenham,"50,768",Orange Vélodrome,Szymon Marciniak,Match Report,,2023
Group stage,6,Tue,2022-11-01,21:00 ,Bayern Munich,1.5,2–0,0.7,Inter,"75,000",Allianz Arena,Ivan Kružliak,Match Report,,2023
Group stage,6,Tue,2022-11-01,21:00 ,Viktoria Plzeň,2.6,2–4,2.3,Barcelona,"11,258",Doosan Arena,Radu Petrescu,Match Report,,2023
Group stage,6,Wed,2022-11-02,18:45 ,Real Madrid,3.8,5–1,2.1,Celtic,"52,511",Estadio Santiago Bernabéu,Stéphanie Frappart,Match Report,,2023
Group stage,6,Wed,2022-11-02,19:45 ,Shakhtar,0.2,0–4,2.2,RB Leipzig,"26,045",Stadion Miejski Legii Warszawa im. Marsz...,Michael Oliver,Match Report,,2023
Group stage,6,Wed,2022-11-02,20:00 ,Manchester City,2.0,3–1,0.4,Sevilla,"51,610",Etihad Stadium,Orel Grinfeeld,Match Report,,2023
Group stage,6,Wed,2022-11-02,20:00 ,Chelsea,2.7,2–1,0.9,Dinamo Zagreb,"39,392",Stamford Bridge,François Letexier,Match Report,,2023
Group stage,6,Wed,2022-11-02,21:00 ,FC Copenhagen,1.8,1–1,1.2,Dortmund,"31,900",Parken,Əliyar Ağayev,Match Report,,2023
Group stage,6,Wed,2022-11-02,21:00 ,Juventus,1.6,1–2,0.5,Paris S-G,"41,089",Allianz Stadium,Carlos del Cerro,Match Report,,2023
Group stage,6,Wed,2022-11-02,21:00 ,Milan,1.8,4–0,1.6,RB Salzburg,"74,292",Stadio Giuseppe Meazza,Antonio Matéu,Match Report,,2023
Group stage,6,Wed,2022-11-02,22:00 ,Maccabi Haifa,1.6,1–6,1.5,Benfica,"30,464",Sammy Ofer Stadium,Anthony Taylor,Match Report,,2023
Round of 16,,Tue,2023-02-14,21:00 ,Paris S-G,0.8,0–1,1.4,Bayern Munich,"46,435",Parc des Princes,Michael Oliver,Match Report,Leg 1 of 2,2023
Round of 16,,Tue,2023-02-14,21:00 ,Milan,1.7,1–0,0.4,Tottenham,"74,320",Stadio Giuseppe Meazza,Sandro Schärer,Match Report,Leg 1 of 2,2023
Round of 16,,Wed,2023-02-15,21:00 ,Dortmund,1.5,1–0,2.1,Chelsea,"81,365",Signal Iduna Park,Jesús Gil,Match Report,Leg 1 of 2,2023
Round of 16,,Wed,2023-02-15,21:00 ,Club Brugge,0.2,0–2,2.9,Benfica,"24,136",Jan Breydelstadion,Davide Massa,Match Report,Leg 1 of 2,2023
Round of 16,,Tue,2023-02-21,20:00 ,Liverpool,1.8,2–5,1.6,Real Madrid,"52,337",Anfield,István Kovács,Match Report,Leg 1 of 2,2023
Round of 16,,Tue,2023-02-21,21:00 ,Eint Frankfurt,0.4,0–2,2.8,Napoli,"47,500",Deutsche Bank Park,Artur Dias,Match Report,Leg 1 of 2,2023
Round of 16,,Wed,2023-02-22,21:00 ,RB Leipzig,0.8,1–1,1.2,Manchester City,"45,228",Red Bull Arena,Serdar Gözübüyük,Match Report,Leg 1 of 2,2023
Round of 16,,Wed,2023-02-22,21:00 ,Inter,1.5,1–0,1.6,Porto,"75,374",Stadio Giuseppe Meazza,Srđan Jovanović,Match Report,Leg 1 of 2,2023
Round of 16,,Tue,2023-03-07,20:00 ,Chelsea,2.0,2–0,0.8,Dortmund,"38,882",Stamford Bridge,Danny Makkelie,Match Report,Leg 2 of 2; Chelsea won,2023
Round of 16,,Tue,2023-03-07,20:00 ,Benfica,3.3,5–1,0.9,Club Brugge,"60,960",Estádio do Sport Lisboa e Benfica,Halil Umut Meler,Match Report,Leg 2 of 2; Benfica won,2023
Round of 16,,Wed,2023-03-08,20:00 ,Tottenham,0.5,0–0,1.4,Milan,"61,602",Tottenham Hotspur Stadium,Clément Turpin,Match Report,Leg 2 of 2; Milan won,2023
Round of 16,,Wed,2023-03-08,21:00 ,Bayern Munich,1.7,2–0,1.1,Paris S-G,"75,000",Allianz Arena,Daniele Orsato,Match Report,Leg 2 of 2; Bayern Munich won,2023
Round of 16,,Tue,2023-03-14,20:00 ,Porto,1.7,0–0,0.5,Inter,"48,015",Estádio Do Dragão,Szymon Marciniak,Match Report,Leg 2 of 2; Inter won,2023
Round of 16,,Tue,2023-03-14,20:00 ,Manchester City,4.2,7–0,0.6,RB Leipzig,"52,038",Etihad Stadium,Slavko Vinčič,Match Report,Leg 2 of 2; Manchester City won,2023
Round of 16,,Wed,2023-03-15,21:00 ,Napoli,2.7,3–0,1.1,Eint Frankfurt,"49,082",Stadio Diego Armando Maradona,Anthony Taylor,Match Report,Leg 2 of 2; Napoli won,2023
Round of 16,,Wed,2023-03-15,21:00 ,Real Madrid,2.2,1–0,0.6,Liverpool,"63,127",Estadio Santiago Bernabéu,Felix Zwayer,Match Report,Leg 2 of 2; Real Madrid won,2023
Quarter-finals,,Tue,2023-04-11,20:00 ,Benfica,1.6,0–2,1.4,Inter,"62,594",Estádio da Luz (1954),Michael Oliver,Match Report,Leg 1 of 2,2023
Quarter-finals,,Tue,2023-04-11,20:00 ,Manchester City,1.8,3–0,0.9,Bayern Munich,"52,257",Etihad Stadium,Jesús Gil,Match Report,Leg 1 of 2,2023
Quarter-finals,,Wed,2023-04-12,21:00 ,Real Madrid,2.3,2–0,0.7,Chelsea,"63,142",Estadio Santiago Bernabéu,François Letexier,Match Report,Leg 1 of 2,2023
Quarter-finals,,Wed,2023-04-12,21:00 ,Milan,1.1,1–0,1.3,Napoli,"74,742",Stadio Giuseppe Meazza,István Kovács,Match Report,Leg 1 of 2,2023
Quarter-finals,,Tue,2023-04-18,20:00 ,Chelsea,1.9,0–2,1.8,Real Madrid,"39,453",Stamford Bridge,Daniele Orsato,Match Report,Leg 2 of 2; Real Madrid won,2023
Quarter-finals,,Tue,2023-04-18,21:00 ,Napoli,2.2,1–1,2.0,Milan,"52,728",Stadio Diego Armando Maradona,Szymon Marciniak,Match Report,Leg 2 of 2; Milan won,2023
Quarter-finals,,Wed,2023-04-19,21:00 ,Bayern Munich,2.2,1–1,1.3,Manchester City,"75,000",Allianz Arena,Clément Turpin,Match Report,Leg 2 of 2; Manchester City won,2023
Quarter-finals,,Wed,2023-04-19,21:00 ,Inter,1.2,3–3,0.7,Benfica,"75,380",Stadio Giuseppe Meazza,Carlos del Cerro,Match Report,Leg 2 of 2; Inter won,2023
Semi-finals,,Tue,2023-05-09,21:00 ,Real Madrid,0.7,1–1,0.5,Manchester City,"63,485",Estadio Santiago Bernabéu,Artur Dias,Match Report,Leg 1 of 2,2023
Semi-finals,,Wed,2023-05-10,21:00 ,Milan,0.9,0–2,2.0,Inter,"75,532",Stadio Giuseppe Meazza,Jesús Gil,Match Report,Leg 1 of 2,2023
Semi-finals,,Tue,2023-05-16,21:00 ,Inter,1.0,1–0,0.5,Milan,"75,567",Stadio Giuseppe Meazza,Clément Turpin,Match Report,Leg 2 of 2; Inter won,2023
Semi-finals,,Wed,2023-05-17,20:00 ,Manchester City,2.8,4–0,0.5,Real Madrid,"52,313",Etihad Stadium,Szymon Marciniak,Match Report,Leg 2 of 2; Manchester City won,2023
Final,,Sat,2023-06-10,22:00 ,Manchester City,1.0,1–0,1.7,Inter,"71,412",Atatürk Olimpiyat Stadı (Neutral Site),Szymon Marciniak,Match Report,,2023
Group stage,1,Tue,2021-09-14,18:45 ,Sevilla,1.5,1–1,2.9,RB Salzburg,"18,373",Estadio Ramón Sánchez Pizjuán,Aliaksei Kulbakou,Match Report,,2022
Group stage,1,Tue,2021-09-14,18:45 ,Young Boys,1.4,2–1,0.5,Manchester Utd,"31,120",Wankdorfstadion,François Letexier,Match Report,,2022
Group stage,1,Tue,2021-09-14,20:00 ,Chelsea,0.7,1–0,0.9,Zenit,"39,252",Stamford Bridge,Bartosz Frankowski,Match Report,,2022
Group stage,1,Tue,2021-09-14,21:00 ,Villarreal,2.3,2–2,1.3,Atalanta,"12,916",Estadio de la Cerámica,Clément Turpin,Match Report,,2022
Group stage,1,Tue,2021-09-14,21:00 ,Barcelona,0.2,0–3,2.7,Bayern Munich,"39,737",Camp Nou,Michael Oliver,Match Report,,2022
Group stage,1,Tue,2021-09-14,21:00 ,Lille,1.6,0–0,0.1,Wolfsburg,"34,314",Stade Pierre-Mauroy,Danny Makkelie,Match Report,,2022
Group stage,1,Tue,2021-09-14,21:00 ,Malmö,0.4,0–3,3.5,Juventus,"5,832",Eleda Stadion,Artur Dias,Match Report,,2022
Group stage,1,Tue,2021-09-14,22:00 ,Dynamo Kyiv,0.6,0–0,1.0,Benfica,"21,657",NSK Olimpijs'kyj,Anthony Taylor,Match Report,,2022
Group stage,1,Wed,2021-09-15,19:45 ,Sheriff Tiraspol,1.0,2–0,0.8,Shakhtar,"5,205",Bolshaya Sportivnaya Arena,Deniz Aytekin,Match Report,,2022
Group stage,1,Wed,2021-09-15,19:45 ,Beşiktaş,1.2,1–2,3.0,Dortmund,"22,445",Vodafone Arena,Antonio Matéu Lahoz,Match Report,,2022
Group stage,1,Wed,2021-09-15,20:00 ,Sporting CP,0.7,1–5,3.1,Ajax,"20,382",Estádio José Alvalade,José Sánchez,Match Report,,2022
Group stage,1,Wed,2021-09-15,20:00 ,Manchester City,2.3,6–3,1.3,RB Leipzig,"38,062",Etihad Stadium,Serdar Gözübüyük,Match Report,,2022
Group stage,1,Wed,2021-09-15,20:00 ,Liverpool,2.5,3–2,1.6,Milan,"51,445",Anfield,Szymon Marciniak,Match Report,,2022
Group stage,1,Wed,2021-09-15,21:00 ,Inter,2.4,0–1,1.2,Real Madrid,"37,082",Stadio Giuseppe Meazza,Daniel Siebert,Match Report,,2022
Group stage,1,Wed,2021-09-15,21:00 ,Club Brugge,1.3,1–1,1.4,Paris S-G,"27,546",Jan Breydelstadion,Sandro Schärer,Match Report,,2022
Group stage,1,Wed,2021-09-15,21:00 ,Atlético Madrid,0.3,0–0,1.6,Porto,"40,098",Estadio Wanda Metropolitano,Ovidiu Hațegan,Match Report,,2022
Group stage,2,Tue,2021-09-28,18:45 ,Ajax,3.5,2–0,0.9,Beşiktaş,"52,628",Johan Cruyff ArenA,Benoît Bastien,Match Report,,2022
Group stage,2,Tue,2021-09-28,19:45 ,Shakhtar,1.3,0–0,1.0,Inter,"26,170",NSK Olimpijs'kyj,István Kovács,Match Report,,2022
Group stage,2,Tue,2021-09-28,20:00 ,Porto,0.9,1–5,3.4,Liverpool,"23,520",Estádio Do Dragão,Sergey Karasev,Match Report,,2022
Group stage,2,Tue,2021-09-28,21:00 ,Real Madrid,3.1,1–2,0.4,Sheriff Tiraspol,"24,522",Estadio Santiago Bernabéu,Lawrence Visser,Match Report,,2022
Group stage,2,Tue,2021-09-28,21:00 ,RB Leipzig,1.3,1–2,1.4,Club Brugge,"23,500",Red Bull Arena,Slavko Vinčič,Match Report,,2022
Group stage,2,Tue,2021-09-28,21:00 ,Dortmund,0.3,1–0,0.4,Sporting CP,"25,000",Signal Iduna Park,Srdjan Stojanovic,Match Report,,2022
Group stage,2,Tue,2021-09-28,21:00 ,Paris S-G,0.4,2–0,1.9,Manchester City,"37,350",Parc des Princes,Carlos del Cerro,Match Report,,2022
Group stage,2,Tue,2021-09-28,21:00 ,Milan,0.7,1–2,2.1,Atlético Madrid,"35,374",Stadio Giuseppe Meazza,Cüneyt Çakιr,Match Report,,2022
Group stage,2,Wed,2021-09-29,18:45 ,Atalanta,2.5,1–0,0.1,Young Boys,"8,536",Stadio Atleti Azzurri d'Italia,Felix Brych,Match Report,,2022
Group stage,2,Wed,2021-09-29,19:45 ,Zenit,2.5,4–0,0.5,Malmö,"15,339",Gazprom Arena,Anastasios Sidiropoulos,Match Report,,2022
Group stage,2,Wed,2021-09-29,20:00 ,Manchester Utd,1.1,2–1,2.3,Villarreal,"73,130",Old Trafford,Felix Zwayer,Match Report,,2022
Group stage,2,Wed,2021-09-29,20:00 ,Benfica,1.9,3–0,1.2,Barcelona,"29,454",Estádio do Sport Lisboa e Benfica,Daniele Orsato,Match Report,,2022
Group stage,2,Wed,2021-09-29,21:00 ,RB Salzburg,2.1,2–1,0.5,Lille,"24,207",Red Bull Arena,Halil Umut Meler,Match Report,,2022
Group stage,2,Wed,2021-09-29,21:00 ,Juventus,0.9,1–0,1.3,Chelsea,"19,934",Allianz Stadium,Jesús Gil,Match Report,,2022
Group stage,2,Wed,2021-09-29,21:00 ,Bayern Munich,2.7,5–0,0.3,Dynamo Kyiv,"25,000",Allianz Arena,Marco Guida,Match Report,,2022
Group stage,2,Wed,2021-09-29,21:00 ,Wolfsburg,1.2,1–1,1.1,Sevilla,"11,733",Volkswagen Arena,Georgi Kabakov,Match Report,,2022
Group stage,3,Tue,2021-10-19,18:45 ,Club Brugge,0.6,1–5,4.7,Manchester City,"24,915",Jan Breydelstadion,István Kovács,Match Report,,2022
Group stage,3,Tue,2021-10-19,19:45 ,Beşiktaş,0.9,1–4,4.4,Sporting CP,"22,936",Vodafone Arena,Slavko Vinčič,Match Report,,2022
Group stage,3,Tue,2021-10-19,20:00 ,Porto,1.1,1–0,0.2,Milan,"32,130",Estádio Do Dragão,Felix Brych,Match Report,,2022
Group stage,3,Tue,2021-10-19,21:00 ,Atlético Madrid,2.2,2–3,1.3,Liverpool,"60,725",Estadio Wanda Metropolitano,Daniel Siebert,Match Report,,2022
Group stage,3,Tue,2021-10-19,21:00 ,Inter,2.3,3–1,0.4,Sheriff Tiraspol,"43,305",Stadio Giuseppe Meazza,Danny Makkelie,Match Report,,2022
Group stage,3,Tue,2021-10-19,21:00 ,Paris S-G,3.0,3–2,2.1,RB Leipzig,"47,359",Parc des Princes,Marco Guida,Match Report,,2022
Group stage,3,Tue,2021-10-19,21:00 ,Ajax,2.1,4–0,1.2,Dortmund,"54,029",Johan Cruyff ArenA,Jesús Gil,Match Report,,2022
Group stage,3,Tue,2021-10-19,22:00 ,Shakhtar,0.7,0–5,2.6,Real Madrid,"34,037",Oblasny SportKomplex Metalist,Srđan Jovanović,Match Report,,2022
Group stage,3,Wed,2021-10-20,18:45 ,RB Salzburg,2.7,3–1,0.9,Wolfsburg,"29,520",Red Bull Arena,Daniele Orsato,Match Report,,2022
Group stage,3,Wed,2021-10-20,18:45 ,Barcelona,2.2,1–0,0.1,Dynamo Kyiv,"45,968",Camp Nou,Clément Turpin,Match Report,,2022
Group stage,3,Wed,2021-10-20,20:00 ,Manchester Utd,2.8,3–2,1.6,Atalanta,"72,279",Old Trafford,Szymon Marciniak,Match Report,,2022
Group stage,3,Wed,2021-10-20,20:00 ,Benfica,0.7,0–4,3.0,Bayern Munich,"55,201",Estádio do Sport Lisboa e Benfica,Ovidiu Hațegan,Match Report,,2022
Group stage,3,Wed,2021-10-20,20:00 ,Chelsea,2.6,4–0,0.1,Malmö,"39,095",Stamford Bridge,François Letexier,Match Report,,2022
Group stage,3,Wed,2021-10-20,21:00 ,Lille,0.8,0–0,1.1,Sevilla,"34,362",Stade Pierre-Mauroy,Michael Oliver,Match Report,,2022
Group stage,3,Wed,2021-10-20,21:00 ,Young Boys,2.7,1–4,2.7,Villarreal,"27,398",Wankdorfstadion,Sergey Karasev,Match Report,,2022
Group stage,3,Wed,2021-10-20,22:00 ,Zenit,0.6,0–1,1.2,Juventus,"18,717",Gazprom Arena,Sandro Schärer,Match Report,,2022
Group stage,4,Tue,2021-11-02,18:45 ,Wolfsburg,1.7,2–1,1.6,RB Salzburg,"16,112",Volkswagen Arena,Artur Dias,Match Report,,2022
Group stage,4,Tue,2021-11-02,18:45 ,Malmö,0.2,0–1,2.5,Chelsea,"19,551",Eleda Stadion,Felix Brych,Match Report,,2022
Group stage,4,Tue,2021-11-02,21:00 ,Bayern Munich,4.8,5–2,1.0,Benfica,"50,000",Allianz Arena,Szymon Marciniak,Match Report,,2022
Group stage,4,Tue,2021-11-02,21:00 ,Atalanta,1.5,2–2,1.1,Manchester Utd,"14,443",Stadio Atleti Azzurri d'Italia,Slavko Vinčič,Match Report,,2022
Group stage,4,Tue,2021-11-02,21:00 ,Villarreal,2.2,2–0,1.1,Young Boys,"14,890",Estadio de la Cerámica,Serdar Gözübüyük,Match Report,,2022
Group stage,4,Tue,2021-11-02,21:00 ,Juventus,2.7,4–2,1.3,Zenit,"20,053",Allianz Stadium,Alejandro Hernández,Match Report,,2022
Group stage,4,Tue,2021-11-02,21:00 ,Sevilla,1.0,1–2,1.9,Lille,"29,369",Estadio Ramón Sánchez Pizjuán,István Kovács,Match Report,,2022
Group stage,4,Tue,2021-11-02,22:00 ,Dynamo Kyiv,1.1,0–1,1.1,Barcelona,"31,378",NSK Olimpijs'kyj,Ovidiu Hațegan,Match Report,,2022
Group stage,4,Wed,2021-11-03,18:45 ,Milan,0.6,1–1,1.8,Porto,"39,675",Stadio Giuseppe Meazza,Clément Turpin,Match Report,,2022
Group stage,4,Wed,2021-11-03,18:45 ,Real Madrid,2.0,2–1,1.3,Shakhtar,"38,105",Estadio Santiago Bernabéu,Benoît Bastien,Match Report,,2022
Group stage,4,Wed,2021-11-03,20:00 ,Manchester City,4.6,4–1,0.8,Club Brugge,"50,228",Etihad Stadium,Antonio Matéu Lahoz,Match Report,,2022
Group stage,4,Wed,2021-11-03,20:00 ,Sporting CP,2.7,4–0,1.1,Beşiktaş,"40,835",Estádio José Alvalade,Sergey Karasev,Match Report,,2022
Group stage,4,Wed,2021-11-03,20:00 ,Liverpool,3.0,2–0,0.2,Atlético Madrid,"51,347",Anfield,Danny Makkelie,Match Report,,2022
Group stage,4,Wed,2021-11-03,21:00 ,RB Leipzig,3.3,2–2,2.1,Paris S-G,"39,794",Red Bull Arena,Andreas Ekberg,Match Report,,2022
Group stage,4,Wed,2021-11-03,21:00 ,Dortmund,1.7,1–3,2.0,Ajax,"54,820",Signal Iduna Park,Michael Oliver,Match Report,,2022
Group stage,4,Wed,2021-11-03,22:00 ,Sheriff Tiraspol,0.3,1–3,2.5,Inter,"5,930",Bolshaya Sportivnaya Arena,Felix Zwayer,Match Report,,2022
Group stage,5,Tue,2021-11-23,18:45 ,Villarreal,0.6,0–2,1.2,Manchester Utd,"20,875",Estadio de la Cerámica,Felix Brych,Match Report,,2022
Group stage,5,Tue,2021-11-23,19:45 ,Dynamo Kyiv,1.1,1–2,1.0,Bayern Munich,"28,732",NSK Olimpijs'kyj,Halil Umut Meler,Match Report,,2022
Group stage,5,Tue,2021-11-23,20:00 ,Chelsea,3.0,4–0,0.7,Juventus,"39,513",Stamford Bridge,Srđan Jovanović,Match Report,,2022
Group stage,5,Tue,2021-11-23,21:00 ,Barcelona,1.4,0–0,1.2,Benfica,"49,572",Camp Nou,Sergey Karasev,Match Report,,2022
Group stage,5,Tue,2021-11-23,21:00 ,Lille,0.7,1–0,0.5,RB Salzburg,"33,573",Stade Pierre-Mauroy,Anthony Taylor,Match Report,,2022
Group stage,5,Tue,2021-11-23,21:00 ,Young Boys,0.7,3–3,1.2,Atalanta,"31,120",Stade de Suisse Wankdorf Bern,Daniel Siebert,Match Report,,2022
Group stage,5,Tue,2021-11-23,21:00 ,Sevilla,1.6,2–0,0.3,Wolfsburg,"28,663",Estadio Ramón Sánchez Pizjuán,Cüneyt Çakιr,Match Report,,2022
Group stage,5,Tue,2021-11-23,21:00 ,Malmö,0.2,1–1,1.9,Zenit,"15,520",Eleda Stadion,Andris Treimanis,Match Report,,2022
Group stage,5,Wed,2021-11-24,18:45 ,Inter,2.6,2–0,0.6,Shakhtar,"46,225",Stadio Giuseppe Meazza,Ovidiu Hațegan,Match Report,,2022
Group stage,5,Wed,2021-11-24,20:00 ,Manchester City,2.1,2–1,1.0,Paris S-G,"52,030",Etihad Stadium,Daniele Orsato,Match Report,,2022
Group stage,5,Wed,2021-11-24,20:00 ,Sporting CP,1.9,3–1,1.6,Dortmund,"41,341",Estádio José Alvalade,Carlos del Cerro,Match Report,,2022
Group stage,5,Wed,2021-11-24,20:00 ,Liverpool,0.6,2–0,1.1,Porto,"52,209",Anfield,Felix Zwayer,Match Report,,2022
Group stage,5,Wed,2021-11-24,20:45 ,Beşiktaş,1.9,1–2,2.5,Ajax,"11,712",Vodafone Arena,Irfan Peljto,Match Report,,2022
Group stage,5,Wed,2021-11-24,21:00 ,Atlético Madrid,0.9,0–1,1.3,Milan,"61,019",Estadio Wanda Metropolitano,Slavko Vinčič,Match Report,,2022
Group stage,5,Wed,2021-11-24,21:00 ,Club Brugge,0.9,0–5,3.8,RB Leipzig,"24,072",Jan Breydelstadion,Davide Massa,Match Report,,2022
Group stage,5,Wed,2021-11-24,22:00 ,Sheriff Tiraspol,1.4,0–3,1.5,Real Madrid,"5,932",Bolshaya Sportivnaya Arena,Szymon Marciniak,Match Report,,2022
Group stage,6,Tue,2021-12-07,18:45 ,Paris S-G,3.6,4–1,1.1,Club Brugge,"47,492",Parc des Princes,Jesús Gil,Match Report,,2022
Group stage,6,Tue,2021-12-07,18:45 ,RB Leipzig,1.7,2–1,1.2,Manchester City,,Red Bull Arena,Sandro Schärer,Match Report,,2022
Group stage,6,Tue,2021-12-07,20:00 ,Porto,1.6,1–3,3.7,Atlético Madrid,"38,830",Estádio Do Dragão,Clément Turpin,Match Report,,2022
Group stage,6,Tue,2021-12-07,21:00 ,Real Madrid,1.2,2–0,0.9,Inter,"44,887",Estadio Santiago Bernabéu,Felix Brych,Match Report,,2022
Group stage,6,Tue,2021-12-07,21:00 ,Dortmund,3.5,5–0,0.1,Beşiktaş,"15,000",Signal Iduna Park,François Letexier,Match Report,,2022
Group stage,6,Tue,2021-12-07,21:00 ,Ajax,2.1,4–2,1.2,Sporting CP,,Johan Cruyff ArenA,Davide Massa,Match Report,,2022
Group stage,6,Tue,2021-12-07,21:00 ,Milan,1.4,1–2,1.9,Liverpool,"56,237",Stadio Giuseppe Meazza,Danny Makkelie,Match Report,,2022
Group stage,6,Tue,2021-12-07,22:00 ,Shakhtar,2.0,1–1,1.0,Sheriff Tiraspol,"6,841",Oblasny SportKomplex Metalist,Donatas Rumšas,Match Report,,2022
Group stage,6,Wed,2021-12-08,18:45 ,Juventus,2.1,1–0,0.2,Malmö,"17,501",Allianz Stadium,Irfan Peljto,Match Report,,2022
Group stage,6,Wed,2021-12-08,20:00 ,Benfica,1.1,2–0,1.0,Dynamo Kyiv,"36,591",Estádio do Sport Lisboa e Benfica,Deniz Aytekin,Match Report,,2022
Group stage,6,Wed,2021-12-08,20:00 ,Manchester Utd,1.2,1–1,1.3,Young Boys,"73,156",Old Trafford,Benoît Bastien,Match Report,,2022
Group stage,6,Wed,2021-12-08,20:45 ,Zenit,2.6,3–3,2.7,Chelsea,"29,349",Gazprom Arena,Serdar Gözübüyük,Match Report,,2022
Group stage,6,Wed,2021-12-08,21:00 ,Bayern Munich,2.4,3–0,0.4,Barcelona,,Allianz Arena,Ovidiu Hațegan,Match Report,,2022
Group stage,6,Wed,2021-12-08,21:00 ,Wolfsburg,0.7,1–3,2.5,Lille,"6,544",Volkswagen Arena,Daniele Orsato,Match Report,,2022
Group stage,6,Wed,2021-12-08,21:00 ,RB Salzburg,0.6,1–0,0.9,Sevilla,,Red Bull Arena,Slavko Vinčič,Match Report,,2022
Group stage,6,Thu,2021-12-09,19:00 ,Atalanta,2.0,2–3,2.2,Villarreal,"11,690",Stadio Atleti Azzurri d'Italia,Anthony Taylor,Match Report,,2022
Round of 16,,Tue,2022-02-15,20:00 ,Sporting CP,0.1,0–5,2.1,Manchester City,"48,129",Estádio José Alvalade,Srdjan Stojanovic,Match Report,Leg 1 of 2,2022
Round of 16,,Tue,2022-02-15,21:00 ,Paris S-G,2.4,1–0,0.3,Real Madrid,"47,443",Parc des Princes,Daniele Orsato,Match Report,Leg 1 of 2,2022
Round of 16,,Wed,2022-02-16,21:00 ,RB Salzburg,1.1,1–1,2.3,Bayern Munich,"29,520",Red Bull Arena,Michael Oliver,Match Report,Leg 1 of 2,2022
Round of 16,,Wed,2022-02-16,21:00 ,Inter,0.6,0–2,1.0,Liverpool,"37,918",Stadio Giuseppe Meazza,Szymon Marciniak,Match Report,Leg 1 of 2,2022
Round of 16,,Tue,2022-02-22,20:00 ,Chelsea,1.2,2–0,0.8,Lille,"38,832",Stamford Bridge,Jesús Gil,Match Report,Leg 1 of 2,2022
Round of 16,,Tue,2022-02-22,21:00 ,Villarreal,1.3,1–1,0.7,Juventus,"17,686",Estadio de la Cerámica,Daniel Siebert,Match Report,Leg 1 of 2,2022
Round of 16,,Wed,2022-02-23,20:00 ,Benfica,2.0,2–2,2.4,Ajax,"54,760",Estádio do Sport Lisboa e Benfica,Slavko Vinčič,Match Report,Leg 1 of 2,2022
Round of 16,,Wed,2022-02-23,21:00 ,Atlético Madrid,1.3,1–1,0.6,Manchester Utd,"63,273",Estadio Wanda Metropolitano,Ovidiu Hațegan,Match Report,Leg 1 of 2,2022
Round of 16,,Tue,2022-03-08,20:00 ,Liverpool,1.8,0–1,0.5,Inter,"51,747",Anfield,Antonio Matéu Lahoz,Match Report,Leg 2 of 2; Liverpool won,2022
Round of 16,,Tue,2022-03-08,21:00 ,Bayern Munich,4.2,7–1,0.7,RB Salzburg,"25,000",Allianz Arena,Clément Turpin,Match Report,Leg 2 of 2; Bayern Munich won,2022
Round of 16,,Wed,2022-03-09,20:00 ,Manchester City,1.5,0–0,0.8,Sporting CP,"51,213",Etihad Stadium,Halil Umut Meler,Match Report,Leg 2 of 2; Manchester City won,2022
Round of 16,,Wed,2022-03-09,21:00 ,Real Madrid,1.9,3–1,1.1,Paris S-G,"59,895",Estadio Santiago Bernabéu,Danny Makkelie,Match Report,Leg 2 of 2; Real Madrid won,2022
Round of 16,,Tue,2022-03-15,20:00 ,Manchester Utd,1.0,0–1,0.5,Atlético Madrid,"73,008",Old Trafford,Slavko Vinčič,Match Report,Leg 2 of 2; Atlético Madrid won,2022
Round of 16,,Tue,2022-03-15,21:00 ,Ajax,1.3,0–1,0.4,Benfica,"54,066",Johan Cruyff ArenA,Carlos del Cerro,Match Report,Leg 2 of 2; Benfica won,2022
Round of 16,,Wed,2022-03-16,21:00 ,Lille,1.7,1–2,1.0,Chelsea,"49,048",Stade Pierre-Mauroy,Davide Massa,Match Report,Leg 2 of 2; Chelsea won,2022
Round of 16,,Wed,2022-03-16,21:00 ,Juventus,1.5,0–3,2.5,Villarreal,"30,385",Allianz Stadium,Szymon Marciniak,Match Report,Leg 2 of 2; Villarreal won,2022
Quarter-finals,,Tue,2022-04-05,20:00 ,Benfica,1.2,1–3,3.9,Liverpool,"59,633",Estádio do Sport Lisboa e Benfica,Jesús Gil,Match Report,Leg 1 of 2,2022
Quarter-finals,,Tue,2022-04-05,20:00 ,Manchester City,1.0,1–0,0.0,Atlético Madrid,"52,018",Etihad Stadium,István Kovács,Match Report,Leg 1 of 2,2022
Quarter-finals,,Wed,2022-04-06,20:00 ,Chelsea,1.3,1–3,1.8,Real Madrid,"38,689",Stamford Bridge,Clément Turpin,Match Report,Leg 1 of 2,2022
Quarter-finals,,Wed,2022-04-06,21:00 ,Villarreal,1.5,1–0,1.6,Bayern Munich,"21,626",Estadio de la Cerámica,Anthony Taylor,Match Report,Leg 1 of 2,2022
Quarter-finals,,Tue,2022-04-12,21:00 ,Bayern Munich,1.4,1–1,0.7,Villarreal,"70,000",Allianz Arena,Slavko Vinčič,Match Report,Leg 2 of 2; Villarreal won,2022
Quarter-finals,,Tue,2022-04-12,21:00 ,Real Madrid,1.2,2–3,2.7,Chelsea,"59,839",Estadio Santiago Bernabéu,Szymon Marciniak,Match Report,Leg 2 of 2; Real Madrid won; Required Extra Time,2022
Quarter-finals,,Wed,2022-04-13,20:00 ,Liverpool,1.8,3–3,1.2,Benfica,"51,373",Anfield,Serdar Gözübüyük,Match Report,Leg 2 of 2; Liverpool won,2022
Quarter-finals,,Wed,2022-04-13,21:00 ,Atlético Madrid,0.8,0–0,1.2,Manchester City,"65,675",Estadio Wanda Metropolitano,Daniel Siebert,Match Report,Leg 2 of 2; Manchester City won,2022
Semi-finals,,Tue,2022-04-26,20:00 ,Manchester City,2.7,4–3,1.6,Real Madrid,"52,217",Etihad Stadium,István Kovács,Match Report,Leg 1 of 2,2022
Semi-finals,,Wed,2022-04-27,20:00 ,Liverpool,1.6,2–0,0.1,Villarreal,"51,586",Anfield,Szymon Marciniak,Match Report,Leg 1 of 2,2022
Semi-finals,,Tue,2022-05-03,21:00 ,Villarreal,1.2,2–3,2.5,Liverpool,"23,665",Estadio de la Cerámica,Danny Makkelie,Match Report,Leg 2 of 2; Liverpool won,2022
Semi-finals,,Wed,2022-05-04,21:00 ,Real Madrid,2.3,3–1,1.4,Manchester City,"61,416",Estadio Santiago Bernabéu,Daniele Orsato,Match Report,Leg 2 of 2; Real Madrid won; Required Extra Time,2022
Final,,Sat,2022-05-28,21:30 ,Liverpool,2.2,0–1,0.9,Real Madrid,"75,000",Stade de France (Neutral Site),Clément Turpin,Match Report,,2022
Group stage,1,Tue,2020-10-20,19:55 ,Zenit,2.2,1–2,2.0,Club Brugge,"16,682",Gazprom Arena,Benoît Bastien,Match Report,,2021
Group stage,1,Tue,2020-10-20,19:55 ,Dynamo Kyiv,0.5,0–2,2.0,Juventus,"14,850",NSK Olimpijs'kyj,Ovidiu Hațegan,Match Report,,2021
Group stage,1,Tue,2020-10-20,20:00 ,Chelsea,0.4,0–0,0.2,Sevilla,,Stamford Bridge,Davide Massa,Match Report,,2021
Group stage,1,Tue,2020-10-20,21:00 ,Barcelona,2.8,5–1,1.3,Ferencváros,,Camp Nou,Sandro Schärer,Match Report,,2021
Group stage,1,Tue,2020-10-20,21:00 ,RB Leipzig,1.0,2–0,0.6,Başakşehir,999,Red Bull Arena,Jesús Gil,Match Report,,2021
Group stage,1,Tue,2020-10-20,21:00 ,Rennes,2.7,1–1,1.4,Krasnodar,"4,973",Roazhon Park,Anastasios Sidiropoulos,Match Report,,2021
Group stage,1,Tue,2020-10-20,21:00 ,Paris S-G,1.4,1–2,1.4,Manchester Utd,,Parc des Princes,Antonio Matéu Lahoz,Match Report,,2021
Group stage,1,Tue,2020-10-20,21:00 ,Lazio,1.7,3–1,1.3,Dortmund,"1,000",Stadio Olimpico,Clément Turpin,Match Report,,2021
Group stage,1,Wed,2020-10-21,18:55 ,Real Madrid,1.0,2–3,1.7,Shakhtar,,Estadio Alfredo Di Stéfano,Srđan Jovanović,Match Report,,2021
Group stage,1,Wed,2020-10-21,18:55 ,RB Salzburg,1.1,2–2,0.8,Loko Moscow,"3,000",Red Bull Arena,Serdar Gözübüyük,Match Report,,2021
Group stage,1,Wed,2020-10-21,20:00 ,Manchester City,1.5,3–1,0.2,Porto,,Etihad Stadium,Andris Treimanis,Match Report,,2021
Group stage,1,Wed,2020-10-21,21:00 ,Bayern Munich,2.6,4–0,0.4,Atlético Madrid,,Allianz Arena,Michael Oliver,Match Report,,2021
Group stage,1,Wed,2020-10-21,21:00 ,Inter,2.8,2–2,1.4,M'Gladbach,"1,000",Stadio Giuseppe Meazza,Björn Kuipers,Match Report,,2021
Group stage,1,Wed,2020-10-21,21:00 ,Ajax,1.4,0–1,1.1,Liverpool,,Johan Cruyff ArenA,Felix Brych,Match Report,,2021
Group stage,1,Wed,2020-10-21,21:00 ,Midtjylland,0.8,0–4,2.5,Atalanta,132,MCH Arena,Artur Soares Dias,Match Report,,2021
Group stage,1,Wed,2020-10-21,22:00 ,Olympiacos,1.0,1–0,0.9,Marseille,,Stadio Georgios Karaiskáki,Daniele Orsato,Match Report,,2021
Group stage,2,Tue,2020-10-27,19:55 ,Shakhtar,0.1,0–0,1.7,Inter,"10,178",Oblasny SportKomplex Metalist,Georgi Kabakov,Match Report,,2021
Group stage,2,Tue,2020-10-27,20:00 ,Liverpool,2.2,2–0,1.2,Midtjylland,,Anfield,Paweł Raczkowski,Match Report,,2021
Group stage,2,Tue,2020-10-27,20:00 ,Porto,1.4,2–0,1.0,Olympiacos,"2,450",Estádio Do Dragão,Daniel Siebert,Match Report,,2021
Group stage,2,Tue,2020-10-27,20:55 ,Loko Moscow,1.5,1–2,3.2,Bayern Munich,"8,196",RZD Arena,István Kovács,Match Report,,2021
Group stage,2,Tue,2020-10-27,21:00 ,Marseille,0.1,0–3,1.9,Manchester City,,Orange Vélodrome,Tobias Stieler,Match Report,,2021
Group stage,2,Tue,2020-10-27,21:00 ,Atalanta,1.7,2–2,1.4,Ajax,,Stadio Atleti Azzurri d'Italia,Damir Skomina,Match Report,,2021
Group stage,2,Tue,2020-10-27,21:00 ,Atlético Madrid,2.5,3–2,1.1,RB Salzburg,,Estadio Wanda Metropolitano,Ovidiu Hațegan,Match Report,,2021
Group stage,2,Tue,2020-10-27,21:00 ,M'Gladbach,1.6,2–2,2.6,Real Madrid,,Stadion im Borussia-Park,Orel Grinfeeld,Match Report,,2021
Group stage,2,Wed,2020-10-28,20:00 ,Manchester Utd,3.2,5–0,0.5,RB Leipzig,577,Old Trafford,Matej Jug,Match Report,,2021
Group stage,2,Wed,2020-10-28,20:55 ,Krasnodar,0.6,0–4,2.4,Chelsea,"10,544",Krasnodar Stadium,Ali Palabıyık,Match Report,,2021
Group stage,2,Wed,2020-10-28,20:55 ,Başakşehir,0.9,0–2,2.4,Paris S-G,350,Başakşehir Fatih Terim Stadium,Andreas Ekberg,Match Report,,2021
Group stage,2,Wed,2020-10-28,21:00 ,Dortmund,1.7,2–0,0.2,Zenit,,Signal Iduna Park,Björn Kuipers,Match Report,,2021
Group stage,2,Wed,2020-10-28,21:00 ,Club Brugge,2.1,1–1,0.8,Lazio,,Jan Breydelstadion,Anthony Taylor,Match Report,,2021
Group stage,2,Wed,2020-10-28,21:00 ,Sevilla,2.6,1–0,0.1,Rennes,,Estadio Ramón Sánchez Pizjuán,Cüneyt Çakιr,Match Report,,2021
Group stage,2,Wed,2020-10-28,21:00 ,Ferencváros,1.0,2–2,1.6,Dynamo Kyiv,"6,171",Groupama Arena,Ivan Kružliak,Match Report,,2021
Group stage,2,Wed,2020-10-28,21:00 ,Juventus,0.4,0–2,2.3,Barcelona,,Allianz Stadium,Danny Makkelie,Match Report,,2021
Group stage,3,Tue,2020-11-03,19:55 ,Shakhtar,0.4,0–6,2.3,M'Gladbach,,Oblasny SportKomplex Metalist,Serdar Gözübüyük,Match Report,,2021
Group stage,3,Tue,2020-11-03,20:00 ,Porto,2.4,3–0,1.0,Marseille,,Estádio Do Dragão,Antonio Matéu Lahoz,Match Report,,2021
Group stage,3,Tue,2020-11-03,20:00 ,Manchester City,1.7,3–0,0.6,Olympiacos,,Etihad Stadium,Carlos del Cerro,Match Report,,2021
Group stage,3,Tue,2020-11-03,20:55 ,Loko Moscow,0.9,1–1,1.0,Atlético Madrid,"8,147",RZD Arena,Benoît Bastien,Match Report,,2021
Group stage,3,Tue,2020-11-03,21:00 ,RB Salzburg,1.8,2–6,2.9,Bayern Munich,,Red Bull Arena,Danny Makkelie,Match Report,,2021
Group stage,3,Tue,2020-11-03,21:00 ,Midtjylland,0.7,1–2,0.7,Ajax,132,MCH Arena,Bobby Madden,Match Report,,2021
Group stage,3,Tue,2020-11-03,21:00 ,Real Madrid,1.2,3–2,0.7,Inter,,Estadio Alfredo Di Stéfano,Clément Turpin,Match Report,,2021
Group stage,3,Tue,2020-11-03,21:00 ,Atalanta,1.2,0–5,2.5,Liverpool,,Stadio Atleti Azzurri d'Italia,Ovidiu Hațegan,Match Report,,2021
Group stage,3,Wed,2020-11-04,20:00 ,Chelsea,3.3,3–0,0.6,Rennes,,Stamford Bridge,Felix Zwayer,Match Report,,2021
Group stage,3,Wed,2020-11-04,20:55 ,Başakşehir,1.0,2–1,0.7,Manchester Utd,350,Başakşehir Fatih Terim Stadium,Davide Massa,Match Report,,2021
Group stage,3,Wed,2020-11-04,20:55 ,Zenit,1.2,1–1,0.7,Lazio,"17,427",Gazprom Arena,Artur Soares Dias,Match Report,,2021
Group stage,3,Wed,2020-11-04,21:00 ,Sevilla,2.0,3–2,1.4,Krasnodar,,Estadio Ramón Sánchez Pizjuán,Felix Brych,Match Report,,2021
Group stage,3,Wed,2020-11-04,21:00 ,Club Brugge,1.2,0–3,1.8,Dortmund,,Jan Breydelstadion,Damir Skomina,Match Report,,2021
Group stage,3,Wed,2020-11-04,21:00 ,Ferencváros,1.5,1–4,2.7,Juventus,"18,531",Puskás Aréna,Orel Grinfeeld,Match Report,,2021
Group stage,3,Wed,2020-11-04,21:00 ,Barcelona,3.5,2–1,2.7,Dynamo Kyiv,,Camp Nou,Michael Oliver,Match Report,,2021
Group stage,3,Wed,2020-11-04,21:00 ,RB Leipzig,1.9,2–1,1.3,Paris S-G,,Red Bull Arena,Szymon Marciniak,Match Report,,2021
Group stage,4,Tue,2020-11-24,18:55 ,Rennes,1.1,1–2,2.2,Chelsea,,Roazhon Park,Björn Kuipers,Match Report,,2021
Group stage,4,Tue,2020-11-24,20:00 ,Manchester Utd,2.9,4–1,1.3,Başakşehir,545,Old Trafford,Ovidiu Hațegan,Match Report,,2021
Group stage,4,Tue,2020-11-24,20:55 ,Krasnodar,1.1,1–2,1.6,Sevilla,"10,554",Krasnodar Stadium,Marco Guida,Match Report,,2021
Group stage,4,Tue,2020-11-24,21:00 ,Lazio,3.3,3–1,0.6,Zenit,,Stadio Olimpico,Michael Oliver,Match Report,,2021
Group stage,4,Tue,2020-11-24,21:00 ,Paris S-G,1.1,1–0,1.4,RB Leipzig,,Parc des Princes,Danny Makkelie,Match Report,,2021
Group stage,4,Tue,2020-11-24,21:00 ,Dortmund,1.6,3–0,0.1,Club Brugge,,Signal Iduna Park,Ivan Kružliak,Match Report,,2021
Group stage,4,Tue,2020-11-24,21:00 ,Juventus,1.0,2–1,0.4,Ferencváros,,Allianz Stadium,Daniel Siebert,Match Report,,2021
Group stage,4,Tue,2020-11-24,22:00 ,Dynamo Kyiv,0.3,0–4,3.0,Barcelona,,NSK Olimpijs'kyj,Matej Jug,Match Report,,2021
Group stage,4,Wed,2020-11-25,18:55 ,M'Gladbach,3.2,4–0,0.7,Shakhtar,,Stadion im Borussia-Park,Cüneyt Çakιr,Match Report,,2021
Group stage,4,Wed,2020-11-25,19:55 ,Olympiacos,0.1,0–1,2.4,Manchester City,,Stadio Georgios Karaiskáki,Davide Massa,Match Report,,2021
Group stage,4,Wed,2020-11-25,20:00 ,Liverpool,0.2,0–2,1.2,Atalanta,,Anfield,Carlos del Cerro,Match Report,,2021
Group stage,4,Wed,2020-11-25,21:00 ,Marseille,1.3,0–2,2.1,Porto,,Orange Vélodrome,Andreas Ekberg,Match Report,,2021
Group stage,4,Wed,2020-11-25,21:00 ,Inter,0.2,0–2,2.0,Real Madrid,,Stadio Giuseppe Meazza,Anthony Taylor,Match Report,,2021
Group stage,4,Wed,2020-11-25,21:00 ,Ajax,2.4,3–1,1.4,Midtjylland,,Johan Cruyff ArenA,Sergey Karasev,Match Report,,2021
Group stage,4,Wed,2020-11-25,21:00 ,Atlético Madrid,1.6,0–0,0.2,Loko Moscow,,Estadio Wanda Metropolitano,Slavko Vinčič,Match Report,,2021
Group stage,4,Wed,2020-11-25,21:00 ,Bayern Munich,1.3,3–1,3.3,RB Salzburg,,Allianz Arena,Orel Grinfeeld,Match Report,,2021
Group stage,5,Tue,2020-12-01,19:55 ,Shakhtar,1.3,2–0,1.4,Real Madrid,,Oblasny SportKomplex Metalist,Ovidiu Hațegan,Match Report,,2021
Group stage,5,Tue,2020-12-01,20:00 ,Liverpool,2.0,1–0,1.5,Ajax,,Anfield,Tobias Stieler,Match Report,,2021
Group stage,5,Tue,2020-12-01,20:00 ,Porto,0.1,0–0,2.5,Manchester City,,Estádio Do Dragão,Björn Kuipers,Match Report,,2021
Group stage,5,Tue,2020-12-01,20:55 ,Loko Moscow,1.1,1–3,2.4,RB Salzburg,"6,759",RZD Arena,Ali Palabıyık,Match Report,,2021
Group stage,5,Tue,2020-12-01,21:00 ,Marseille,2.0,2–1,0.3,Olympiacos,,Orange Vélodrome,Jesús Gil,Match Report,,2021
Group stage,5,Tue,2020-12-01,21:00 ,Atalanta,2.4,1–1,0.7,Midtjylland,,Stadio Atleti Azzurri d'Italia,Anastasios Sidiropoulos,Match Report,,2021
Group stage,5,Tue,2020-12-01,21:00 ,M'Gladbach,1.3,2–3,1.6,Inter,,Stadion im Borussia-Park,Danny Makkelie,Match Report,,2021
Group stage,5,Tue,2020-12-01,21:00 ,Atlético Madrid,1.6,1–1,1.1,Bayern Munich,,Estadio Wanda Metropolitano,Clément Turpin,Match Report,,2021
Group stage,5,Wed,2020-12-02,20:00 ,Manchester Utd,1.2,1–3,2.8,Paris S-G,,Old Trafford,Daniele Orsato,Match Report,,2021
Group stage,5,Wed,2020-12-02,20:55 ,Krasnodar,1.5,1–0,0.7,Rennes,"8,747",Krasnodar Stadium,William Collum,Match Report,,2021
Group stage,5,Wed,2020-12-02,20:55 ,Başakşehir,0.6,3–4,2.1,RB Leipzig,,Başakşehir Fatih Terim Stadium,Carlos del Cerro,Match Report,,2021
Group stage,5,Wed,2020-12-02,21:00 ,Club Brugge,2.0,3–0,0.2,Zenit,,Jan Breydelstadion,Serdar Gözübüyük,Match Report,,2021
Group stage,5,Wed,2020-12-02,21:00 ,Juventus,2.9,3–0,0.6,Dynamo Kyiv,,Allianz Stadium,Stéphanie Frappart,Match Report,,2021
Group stage,5,Wed,2020-12-02,21:00 ,Dortmund,1.4,1–1,1.9,Lazio,,Signal Iduna Park,Antonio Matéu Lahoz,Match Report,,2021
Group stage,5,Wed,2020-12-02,21:00 ,Ferencváros,0.8,0–3,4.0,Barcelona,,Puskás Aréna,Aliaksei Kulbakou,Match Report,,2021
Group stage,5,Wed,2020-12-02,21:00 ,Sevilla,1.3,0–4,2.4,Chelsea,,Estadio Ramón Sánchez Pizjuán,Artur Soares Dias,Match Report,,2021
Group stage,6,Tue,2020-12-08,18:55 ,Lazio,2.7,2–2,1.1,Club Brugge,,Stadio Olimpico,Cüneyt Çakιr,Match Report,,2021
Group stage,6,Tue,2020-12-08,20:00 ,Chelsea,2.5,1–1,0.4,Krasnodar,"2,000",Stamford Bridge,Pavel Královec,Match Report,,2021
Group stage,6,Tue,2020-12-08,20:55 ,Zenit,1.2,1–2,1.6,Dortmund,"10,860",Gazprom Arena,István Kovács,Match Report,,2021
Group stage,6,Tue,2020-12-08,21:00 ,Barcelona,0.9,0–3,2.9,Juventus,,Camp Nou,Tobias Stieler,Match Report,,2021
Group stage,6,Tue,2020-12-08,21:00 ,Rennes,2.4,1–3,1.5,Sevilla,,Roazhon Park,Bartosz Frankowski,Match Report,,2021
Group stage,6,Tue,2020-12-08,21:00 ,RB Leipzig,1.5,3–2,2.0,Manchester Utd,,Red Bull Arena,Antonio Matéu Lahoz,Match Report,,2021
Group stage,6,Tue,2020-12-08,22:00 ,Dynamo Kyiv,0.5,1–0,0.7,Ferencváros,,NSK Olimpijs'kyj,Andreas Ekberg,Match Report,,2021
Group stage,6,Wed,2020-12-09,18:55 ,Ajax,0.7,0–1,1.2,Atalanta,,Johan Cruyff ArenA,Carlos del Cerro,Match Report,,2021
Group stage,6,Wed,2020-12-09,18:55 ,Paris S-G,3.1,5–1,0.8,Başakşehir,,Parc des Princes,Danny Makkelie,Match Report,,2021
Group stage,6,Wed,2020-12-09,18:55 ,Midtjylland,2.3,1–1,1.1,Liverpool,,MCH Arena,François Letexier,Match Report,,2021
Group stage,6,Wed,2020-12-09,20:00 ,Manchester City,2.4,3–0,0.5,Marseille,,Etihad Stadium,Halil Umut Meler,Match Report,,2021
Group stage,6,Wed,2020-12-09,21:00 ,Real Madrid,2.8,2–0,1.0,M'Gladbach,,Estadio Alfredo Di Stéfano,Björn Kuipers,Match Report,,2021
Group stage,6,Wed,2020-12-09,21:00 ,Bayern Munich,1.7,2–0,0.4,Loko Moscow,,Allianz Arena,Sandro Schärer,Match Report,,2021
Group stage,6,Wed,2020-12-09,21:00 ,RB Salzburg,1.4,0–2,0.6,Atlético Madrid,,Red Bull Arena,Anthony Taylor,Match Report,,2021
Group stage,6,Wed,2020-12-09,21:00 ,Inter,1.3,0–0,0.4,Shakhtar,,Stadio Giuseppe Meazza,Slavko Vinčič,Match Report,,2021
Group stage,6,Wed,2020-12-09,22:00 ,Olympiacos,1.0,0–2,1.0,Porto,,Stadio Georgios Karaiskáki,Felix Brych,Match Report,,2021
Round of 16,,Tue,2021-02-16,21:00 ,Barcelona,1.6,1–4,2.8,Paris S-G,,Camp Nou,Björn Kuipers,Match Report,Leg 1 of 2,2021
Round of 16,,Tue,2021-02-16,21:00 ,RB Leipzig,1.3,0–2,1.4,Liverpool,,Puskás Aréna (Neutral Site),Slavko Vinčič,Match Report,Leg 1 of 2,2021
Round of 16,,Wed,2021-02-17,20:00 ,Porto,1.3,2–1,0.9,Juventus,,Estádio Do Dragão,Carlos del Cerro,Match Report,Leg 1 of 2,2021
Round of 16,,Wed,2021-02-17,21:00 ,Sevilla,0.9,2–3,1.2,Dortmund,,Estadio Ramón Sánchez Pizjuán,Danny Makkelie,Match Report,Leg 1 of 2,2021
Round of 16,,Tue,2021-02-23,21:00 ,Lazio,0.9,1–4,1.9,Bayern Munich,,Stadio Olimpico,Orel Grinfeeld,Match Report,Leg 1 of 2,2021
Round of 16,,Tue,2021-02-23,21:00 ,Atlético Madrid,0.8,0–1,1.0,Chelsea,,Arena Naţională (Neutral Site),Felix Brych,Match Report,Leg 1 of 2,2021
Round of 16,,Wed,2021-02-24,21:00 ,M'Gladbach,0.4,0–2,1.6,Manchester City,,Puskás Aréna (Neutral Site),Artur Soares Dias,Match Report,Leg 1 of 2,2021
Round of 16,,Wed,2021-02-24,21:00 ,Atalanta,0.1,0–1,1.5,Real Madrid,,Stadio Atleti Azzurri d'Italia,Tobias Stieler,Match Report,Leg 1 of 2,2021
Round of 16,,Tue,2021-03-09,21:00 ,Juventus,3.0,3–2,2.2,Porto,,Allianz Stadium,Björn Kuipers,Match Report,Leg 2 of 2; Porto won; Required Extra Time,2021
Round of 16,,Tue,2021-03-09,21:00 ,Dortmund,2.2,2–2,2.0,Sevilla,,Fußballpark BVB Hohenbuschei,Cüneyt Çakιr,Match Report,Leg 2 of 2; Dortmund won,2021
Round of 16,,Wed,2021-03-10,20:00 ,Liverpool,2.4,2–0,0.9,RB Leipzig,,Puskás Aréna (Neutral Site),Clément Turpin,Match Report,Leg 2 of 2; Liverpool won,2021
Round of 16,,Wed,2021-03-10,21:00 ,Paris S-G,1.7,1–1,2.2,Barcelona,,Parc des Princes,Anthony Taylor,Match Report,Leg 2 of 2; Paris S-G won,2021
Round of 16,,Tue,2021-03-16,20:00 ,Manchester City,1.4,2–0,0.3,M'Gladbach,,Puskás Aréna (Neutral Site),Sergey Karasev,Match Report,Leg 2 of 2; Manchester City won,2021
Round of 16,,Tue,2021-03-16,21:00 ,Real Madrid,2.7,3–1,1.3,Atalanta,,Estadio Alfredo Di Stéfano,Danny Makkelie,Match Report,Leg 2 of 2; Real Madrid won,2021
Round of 16,,Wed,2021-03-17,20:00 ,Chelsea,2.0,2–0,0.5,Atlético Madrid,,Stamford Bridge,Daniele Orsato,Match Report,Leg 2 of 2; Chelsea won,2021
Round of 16,,Wed,2021-03-17,21:00 ,Bayern Munich,1.9,2–1,1.1,Lazio,,Allianz Arena,István Kovács,Match Report,Leg 2 of 2; Bayern Munich won,2021
Quarter-finals,,Tue,2021-04-06,20:00 ,Manchester City,2.1,2–1,1.1,Dortmund,,Etihad Stadium,Ovidiu Hațegan,Match Report,Leg 1 of 2,2021
Quarter-finals,,Tue,2021-04-06,21:00 ,Real Madrid,2.1,3–1,0.7,Liverpool,,Estadio Alfredo Di Stéfano,Felix Brych,Match Report,Leg 1 of 2,2021
Quarter-finals,,Wed,2021-04-07,20:00 ,Porto,1.4,0–2,1.6,Chelsea,,Estadio Ramón Sánchez Pizjuán (Neutral Site),Slavko Vinčič,Match Report,Leg 1 of 2,2021
Quarter-finals,,Wed,2021-04-07,21:00 ,Bayern Munich,3.7,2–3,1.3,Paris S-G,,Allianz Arena,Antonio Matéu Lahoz,Match Report,Leg 1 of 2,2021
Quarter-finals,,Tue,2021-04-13,20:00 ,Chelsea,1.2,0–1,0.4,Porto,,Estadio Ramón Sánchez Pizjuán (Neutral Site),Clément Turpin,Match Report,Leg 2 of 2; Chelsea won,2021
Quarter-finals,,Tue,2021-04-13,21:00 ,Paris S-G,1.6,0–1,1.5,Bayern Munich,,Parc des Princes,Daniele Orsato,Match Report,Leg 2 of 2; Paris S-G won,2021
Quarter-finals,,Wed,2021-04-14,20:00 ,Liverpool,1.2,0–0,0.8,Real Madrid,,Anfield,Björn Kuipers,Match Report,Leg 2 of 2; Real Madrid won,2021
Quarter-finals,,Wed,2021-04-14,21:00 ,Dortmund,0.5,1–2,2.5,Manchester City,,Signal Iduna Park,Carlos del Cerro,Match Report,Leg 2 of 2; Manchester City won,2021
Semi-finals,,Tue,2021-04-27,21:00 ,Real Madrid,0.7,1–1,1.7,Chelsea,,Estadio Alfredo Di Stéfano,Danny Makkelie,Match Report,Leg 1 of 2,2021
Semi-finals,,Wed,2021-04-28,21:00 ,Paris S-G,1.0,1–2,0.8,Manchester City,,Parc des Princes,Felix Brych,Match Report,Leg 1 of 2,2021
Semi-finals,,Tue,2021-05-04,20:00 ,Manchester City,1.4,2–0,0.8,Paris S-G,,Etihad Stadium,Björn Kuipers,Match Report,Leg 2 of 2; Manchester City won,2021
Semi-finals,,Wed,2021-05-05,20:00 ,Chelsea,4.0,2–0,0.5,Real Madrid,,Stamford Bridge,Daniele Orsato,Match Report,Leg 2 of 2; Chelsea won,2021
Final,,Sat,2021-05-29,22:00 ,Manchester City,0.5,0–1,1.4,Chelsea,"14,110",Estádio Do Dragão (Neutral Site),Antonio Matéu Lahoz,Match Report,,2021
Group stage,1,Tue,2019-09-17,18:55 ,Lyon,1.6,1–1,1.0,Zenit,"47,201",Groupama Stadium,Michael Oliver,Match Report,,2020
Group stage,1,Tue,2019-09-17,18:55 ,Inter,1.4,1–1,1.0,Slavia Prague,"50,128",Stadio Giuseppe Meazza,Ruddy Buquet,Match Report,,2020
Group stage,1,Tue,2019-09-17,20:00 ,Chelsea,2.8,0–1,1.0,Valencia,"39,469",Stamford Bridge,Cüneyt Çakιr,Match Report,,2020
Group stage,1,Tue,2019-09-17,20:00 ,Benfica,1.8,1–2,1.0,RB Leipzig,"46,460",Estádio do Sport Lisboa e Benfica,Tasos Sidiropoulos,Match Report,,2020
Group stage,1,Tue,2019-09-17,21:00 ,Dortmund,3.4,0–0,0.4,Barcelona,"66,099",Signal Iduna Park,Ovidiu Hațegan,Match Report,,2020
Group stage,1,Tue,2019-09-17,21:00 ,RB Salzburg,4.3,6–2,0.7,Genk,"29,520",Red Bull Arena,Felix Zwayer,Match Report,,2020
Group stage,1,Tue,2019-09-17,21:00 ,Ajax,1.5,3–0,2.0,Lille,"51,441",Johan Cruyff ArenA,Srđan Jovanović,Match Report,,2020
Group stage,1,Tue,2019-09-17,21:00 ,Napoli,1.8,2–0,0.7,Liverpool,"38,878",Stadio San Paolo,Felix Brych,Match Report,,2020
Group stage,1,Wed,2019-09-18,18:55 ,Club Brugge,1.7,0–0,0.6,Galatasaray,"26,616",Jan Breydelstadion,Slavko Vinčič,Match Report,,2020
Group stage,1,Wed,2019-09-18,19:55 ,Olympiacos,1.7,2–2,1.7,Tottenham,"31,001",Stadio Georgios Karaiskáki,Gianluca Rocchi,Match Report,,2020
Group stage,1,Wed,2019-09-18,21:00 ,Atlético Madrid,2.3,2–2,1.1,Juventus,"66,283",Estadio Wanda Metropolitano,Danny Makkelie,Match Report,,2020
Group stage,1,Wed,2019-09-18,21:00 ,Paris S-G,1.7,3–0,0.6,Real Madrid,"46,361",Parc des Princes,Anthony Taylor,Match Report,,2020
Group stage,1,Wed,2019-09-18,21:00 ,Bayern Munich,4.3,3–0,0.3,Red Star,"70,000",Allianz Arena,Bobby Madden,Match Report,,2020
Group stage,1,Wed,2019-09-18,21:00 ,Dinamo Zagreb,2.7,4–0,1.8,Atalanta,"28,863",Stadion Maksimir,Jesús Gil,Match Report,,2020
Group stage,1,Wed,2019-09-18,21:00 ,Leverkusen,1.5,1–2,0.9,Loko Moscow,"26,592",BayArena,Paweł Raczkowski,Match Report,,2020
Group stage,1,Wed,2019-09-18,22:00 ,Shakhtar,0.9,0–3,2.5,Manchester City,"36,675",Oblasny SportKomplex Metalist,Artur Soares Dias,Match Report,,2020
Group stage,2,Tue,2019-10-01,18:55 ,Atalanta,2.5,1–2,1.5,Shakhtar,"26,022",Stadio Giuseppe Meazza,Tobias Stieler,Match Report,,2020
Group stage,2,Tue,2019-10-01,18:55 ,Real Madrid,2.3,2–2,1.4,Club Brugge,"65,112",Estadio Santiago Bernabéu,Georgi Kabakov,Match Report,,2020
Group stage,2,Tue,2019-10-01,20:00 ,Manchester City,3.6,2–0,0.1,Dinamo Zagreb,"49,046",Etihad Stadium,Serdar Gözübüyük,Match Report,,2020
Group stage,2,Tue,2019-10-01,20:00 ,Tottenham,1.9,2–7,1.3,Bayern Munich,"60,127",Tottenham Hotspur Stadium,Clément Turpin,Match Report,,2020
Group stage,2,Tue,2019-10-01,21:00 ,Juventus,1.2,3–0,0.5,Leverkusen,"34,525",Allianz Stadium,William Collum,Match Report,,2020
Group stage,2,Tue,2019-10-01,21:00 ,Red Star,1.3,3–1,0.9,Olympiacos,"43,291",Stadion Rajko Mitić,Benoît Bastien,Match Report,,2020
Group stage,2,Tue,2019-10-01,22:00 ,Loko Moscow,1.1,0–2,2.9,Atlético Madrid,"27,051",RZD Arena,Orel Grinfeeld,Match Report,,2020
Group stage,2,Tue,2019-10-01,22:00 ,Galatasaray,0.5,0–1,2.6,Paris S-G,"46,532",Türk Telekom Arena,Szymon Marciniak,Match Report,,2020
Group stage,2,Wed,2019-10-02,18:55 ,Genk,0.7,0–0,3.2,Napoli,"19,962",Luminus Arena,István Kovács,Match Report,,2020
Group stage,2,Wed,2019-10-02,18:55 ,Slavia Prague,1.4,0–2,0.8,Dortmund,"19,370",Sinobo Stadium,Björn Kuipers,Match Report,,2020
Group stage,2,Wed,2019-10-02,20:00 ,Liverpool,2.5,4–3,1.6,RB Salzburg,"52,243",Anfield,Andreas Ekberg,Match Report,,2020
Group stage,2,Wed,2019-10-02,21:00 ,Barcelona,1.5,2–1,1.1,Inter,"86,141",Camp Nou,Damir Skomina,Match Report,,2020
Group stage,2,Wed,2019-10-02,21:00 ,RB Leipzig,1.9,0–2,1.5,Lyon,"40,194",Red Bull Arena,Antonio Matéu Lahoz,Match Report,,2020
Group stage,2,Wed,2019-10-02,21:00 ,Lille,0.6,1–2,1.4,Chelsea,"48,523",Stade Pierre-Mauroy,Aliaksei Kulbakou,Match Report,,2020
Group stage,2,Wed,2019-10-02,21:00 ,Valencia,2.0,0–3,1.7,Ajax,"44,659",Estadio de Mestalla,Daniele Orsato,Match Report,,2020
Group stage,2,Wed,2019-10-02,22:00 ,Zenit,2.1,3–1,1.2,Benfica,"51,683",Gazprom Arena,Carlos del Cerro,Match Report,,2020
Group stage,3,Tue,2019-10-22,18:55 ,Atlético Madrid,0.8,1–0,0.5,Leverkusen,"56,776",Estadio Wanda Metropolitano,Artur Soares Dias,Match Report,,2020
Group stage,3,Tue,2019-10-22,19:55 ,Shakhtar,1.5,2–2,2.1,Dinamo Zagreb,"21,526",Oblasny SportKomplex Metalist,Antonio Matéu Lahoz,Match Report,,2020
Group stage,3,Tue,2019-10-22,20:00 ,Tottenham,3.7,5–0,0.6,Red Star,"51,743",Tottenham Hotspur Stadium,Marco Guida,Match Report,,2020
Group stage,3,Tue,2019-10-22,20:00 ,Manchester City,4.2,5–1,1.8,Atalanta,"49,308",Etihad Stadium,Orel Grinfeeld,Match Report,,2020
Group stage,3,Tue,2019-10-22,21:00 ,Club Brugge,0.3,0–5,3.5,Paris S-G,"26,946",Jan Breydelstadion,Daniel Siebert,Match Report,,2020
Group stage,3,Tue,2019-10-22,21:00 ,Juventus,2.4,2–1,0.7,Loko Moscow,"38,547",Allianz Stadium,Tasos Sidiropoulos,Match Report,,2020
Group stage,3,Tue,2019-10-22,22:00 ,Olympiacos,0.5,2–3,2.6,Bayern Munich,"31,670",Stadio Georgios Karaiskáki,Danny Makkelie,Match Report,,2020
Group stage,3,Tue,2019-10-22,22:00 ,Galatasaray,1.2,0–1,2.4,Real Madrid,"48,886",Türk Telekom Arena,Daniele Orsato,Match Report,,2020
Group stage,3,Wed,2019-10-23,18:55 ,RB Leipzig,2.2,2–1,0.7,Zenit,"41,058",Red Bull Arena,Ali Palabıyık,Match Report,,2020
Group stage,3,Wed,2019-10-23,18:55 ,Ajax,0.5,0–1,1.6,Chelsea,"52,482",Johan Cruyff ArenA,Ovidiu Hațegan,Match Report,,2020
Group stage,3,Wed,2019-10-23,20:00 ,Benfica,0.5,2–1,1.5,Lyon,"53,035",Estádio do Sport Lisboa e Benfica,Ivan Kružliak,Match Report,,2020
Group stage,3,Wed,2019-10-23,21:00 ,Inter,2.1,2–0,0.4,Dortmund,"65,673",Stadio Giuseppe Meazza,Anthony Taylor,Match Report,,2020
Group stage,3,Wed,2019-10-23,21:00 ,RB Salzburg,2.7,2–3,0.9,Napoli,"29,520",Red Bull Arena,Clément Turpin,Match Report,,2020
Group stage,3,Wed,2019-10-23,21:00 ,Lille,1.9,1–1,0.6,Valencia,"47,488",Stade Pierre-Mauroy,Deniz Aytekin,Match Report,,2020
Group stage,3,Wed,2019-10-23,21:00 ,Genk,1.3,1–4,2.5,Liverpool,"19,626",Luminus Arena,Slavko Vinčič,Match Report,,2020
Group stage,3,Wed,2019-10-23,21:00 ,Slavia Prague,1.5,1–2,2.5,Barcelona,"19,170",Sinobo Stadium,Bobby Madden,Match Report,,2020
Group stage,4,Tue,2019-11-05,18:55 ,Barcelona,2.3,0–0,0.3,Slavia Prague,"67,023",Camp Nou,Michael Oliver,Match Report,,2020
Group stage,4,Tue,2019-11-05,20:00 ,Liverpool,2.3,2–1,0.7,Genk,"52,611",Anfield,Ivan Kružliak,Match Report,,2020
Group stage,4,Tue,2019-11-05,20:00 ,Chelsea,4.8,4–4,1.0,Ajax,"39,132",Stamford Bridge,Gianluca Rocchi,Match Report,,2020
Group stage,4,Tue,2019-11-05,20:55 ,Zenit,1.2,0–2,1.4,RB Leipzig,"50,452",Gazprom Arena,Orel Grinfeeld,Match Report,,2020
Group stage,4,Tue,2019-11-05,21:00 ,Valencia,2.3,4–1,1.5,Lille,"38,252",Estadio de Mestalla,Sergey Karasev,Match Report,,2020
Group stage,4,Tue,2019-11-05,21:00 ,Napoli,2.7,1–1,1.5,RB Salzburg,"32,862",Stadio San Paolo,Szymon Marciniak,Match Report,,2020
Group stage,4,Tue,2019-11-05,21:00 ,Dortmund,3.5,3–2,1.4,Inter,"66,099",Signal Iduna Park,Danny Makkelie,Match Report,,2020
Group stage,4,Tue,2019-11-05,21:00 ,Lyon,1.4,3–1,1.3,Benfica,"51,077",Groupama Stadium,Björn Kuipers,Match Report,,2020
Group stage,4,Wed,2019-11-06,18:55 ,Bayern Munich,3.3,2–0,0.2,Olympiacos,"63,646",Allianz Arena,Paweł Raczkowski,Match Report,,2020
Group stage,4,Wed,2019-11-06,20:55 ,Loko Moscow,2.4,1–2,2.4,Juventus,"26,862",RZD Arena,Ruddy Buquet,Match Report,,2020
Group stage,4,Wed,2019-11-06,21:00 ,Atalanta,0.7,1–1,2.0,Manchester City,"34,326",Stadio Giuseppe Meazza,Aliaksei Kulbakou,Match Report,,2020
Group stage,4,Wed,2019-11-06,21:00 ,Leverkusen,1.3,2–1,2.0,Atlético Madrid,"28,160",BayArena,Damir Skomina,Match Report,,2020
Group stage,4,Wed,2019-11-06,21:00 ,Paris S-G,1.9,1–0,1.8,Club Brugge,"47,418",Parc des Princes,Bobby Madden,Match Report,,2020
Group stage,4,Wed,2019-11-06,21:00 ,Real Madrid,4.2,6–0,0.6,Galatasaray,"65,492",Estadio Santiago Bernabéu,Felix Zwayer,Match Report,,2020
Group stage,4,Wed,2019-11-06,21:00 ,Red Star,0.5,0–4,2.5,Tottenham,"42,381",Stadion Rajko Mitić,Carlos del Cerro,Match Report,,2020
Group stage,4,Wed,2019-11-06,21:00 ,Dinamo Zagreb,2.0,3–3,2.7,Shakhtar,"28,316",Stadion Maksimir,Felix Brych,Match Report,,2020
Group stage,5,Tue,2019-11-26,20:00 ,Manchester City,1.2,1–1,1.0,Shakhtar,"52,020",Etihad Stadium,Slavko Vinčič,Match Report,,2020
Group stage,5,Tue,2019-11-26,20:00 ,Tottenham,2.2,4–2,1.2,Olympiacos,"57,024",Tottenham Hotspur Stadium,Georgi Kabakov,Match Report,,2020
Group stage,5,Tue,2019-11-26,20:55 ,Galatasaray,0.9,1–1,1.1,Club Brugge,"34,500",Türk Telekom Arena,Ivan Kružliak,Match Report,,2020
Group stage,5,Tue,2019-11-26,20:55 ,Loko Moscow,1.0,0–2,0.7,Leverkusen,"25,757",RZD Arena,Michael Oliver,Match Report,,2020
Group stage,5,Tue,2019-11-26,21:00 ,Real Madrid,3.9,2–2,2.4,Paris S-G,"75,534",Estadio Santiago Bernabéu,Artur Soares Dias,Match Report,,2020
Group stage,5,Tue,2019-11-26,21:00 ,Red Star,0.2,0–6,4.9,Bayern Munich,"44,118",Stadion Rajko Mitić,Björn Kuipers,Match Report,,2020
Group stage,5,Tue,2019-11-26,21:00 ,Juventus,0.4,1–0,0.7,Atlético Madrid,"40,486",Allianz Stadium,Anthony Taylor,Match Report,,2020
Group stage,5,Tue,2019-11-26,21:00 ,Atalanta,3.0,2–0,0.3,Dinamo Zagreb,"26,496",Stadio Giuseppe Meazza,Sergey Karasev,Match Report,,2020
Group stage,5,Wed,2019-11-27,18:55 ,Valencia,3.1,2–2,2.1,Chelsea,"43,486",Estadio de Mestalla,Felix Zwayer,Match Report,,2020
Group stage,5,Wed,2019-11-27,20:00 ,Liverpool,0.8,1–1,0.5,Napoli,"52,128",Anfield,Carlos del Cerro,Match Report,,2020
Group stage,5,Wed,2019-11-27,20:55 ,Zenit,0.9,2–0,0.6,Lyon,"51,183",Gazprom Arena,Daniele Orsato,Match Report,,2020
Group stage,5,Wed,2019-11-27,21:00 ,Slavia Prague,2.4,1–3,2.3,Inter,"19,370",Sinobo Stadium,Szymon Marciniak,Match Report,,2020
Group stage,5,Wed,2019-11-27,21:00 ,Genk,1.6,1–4,3.0,RB Salzburg,"17,284",Luminus Arena,Mattias Gestranius,Match Report,,2020
Group stage,5,Wed,2019-11-27,21:00 ,Lille,2.4,0–2,1.6,Ajax,"48,612",Stade Pierre-Mauroy,Felix Brych,Match Report,,2020
Group stage,5,Wed,2019-11-27,21:00 ,RB Leipzig,3.2,2–2,0.9,Benfica,"38,339",Red Bull Arena,Jesús Gil,Match Report,,2020
Group stage,5,Wed,2019-11-27,21:00 ,Barcelona,2.4,3–1,1.6,Dortmund,"90,071",Camp Nou,Clément Turpin,Match Report,,2020
Group stage,6,Tue,2019-12-10,18:55 ,Napoli,3.0,4–0,1.8,Genk,"22,265",Stadio San Paolo,Cüneyt Çakιr,Match Report,,2020
Group stage,6,Tue,2019-12-10,18:55 ,RB Salzburg,0.7,0–2,3.4,Liverpool,"29,520",Red Bull Arena,Danny Makkelie,Match Report,,2020
Group stage,6,Tue,2019-12-10,20:00 ,Benfica,2.4,3–0,0.1,Zenit,"40,232",Estádio do Sport Lisboa e Benfica,Antonio Matéu Lahoz,Match Report,,2020
Group stage,6,Tue,2019-12-10,20:00 ,Chelsea,2.7,2–1,0.3,Lille,"40,016",Stamford Bridge,Anastasios Sidiropoulos,Match Report,,2020
Group stage,6,Tue,2019-12-10,21:00 ,Inter,1.7,1–2,1.5,Barcelona,"71,818",Stadio Giuseppe Meazza,Björn Kuipers,Match Report,,2020
Group stage,6,Tue,2019-12-10,21:00 ,Lyon,1.1,2–2,3.4,RB Leipzig,"53,288",Groupama Stadium,Anthony Taylor,Match Report,,2020
Group stage,6,Tue,2019-12-10,21:00 ,Ajax,1.2,0–1,1.1,Valencia,"51,931",Johan Cruyff ArenA,Clément Turpin,Match Report,,2020
Group stage,6,Tue,2019-12-10,21:00 ,Dortmund,2.9,2–1,2.8,Slavia Prague,"65,079",Signal Iduna Park,Sergey Karasev,Match Report,,2020
Group stage,6,Wed,2019-12-11,18:55 ,Dinamo Zagreb,0.4,1–4,3.6,Manchester City,"29,385",Stadion Maksimir,Carlos del Cerro,Match Report,,2020
Group stage,6,Wed,2019-12-11,19:55 ,Shakhtar,0.6,0–3,2.9,Atalanta,"26,536",Oblasny SportKomplex Metalist,Felix Zwayer,Match Report,,2020
Group stage,6,Wed,2019-12-11,21:00 ,Paris S-G,4.4,5–0,0.3,Galatasaray,"46,509",Parc des Princes,István Kovács,Match Report,,2020
Group stage,6,Wed,2019-12-11,21:00 ,Bayern Munich,2.9,3–1,1.0,Tottenham,"66,353",Allianz Arena,Gianluca Rocchi,Match Report,,2020
Group stage,6,Wed,2019-12-11,21:00 ,Atlético Madrid,3.2,2–0,0.1,Loko Moscow,"58,426",Estadio Wanda Metropolitano,Viktor Kassai,Match Report,,2020
Group stage,6,Wed,2019-12-11,21:00 ,Leverkusen,2.2,0–2,0.9,Juventus,"29,542",BayArena,Benoît Bastien,Match Report,,2020
Group stage,6,Wed,2019-12-11,21:00 ,Club Brugge,1.0,1–3,1.2,Real Madrid,"27,308",Jan Breydelstadion,Tobias Stieler,Match Report,,2020
Group stage,6,Wed,2019-12-11,22:00 ,Olympiacos,3.5,1–0,1.2,Red Star,"31,898",Stadio Georgios Karaiskáki,Daniele Orsato,Match Report,,2020
Round of 16,,Tue,2020-02-18,21:00 ,Dortmund,1.3,2–1,1.5,Paris S-G,"66,099",Signal Iduna Park,Antonio Matéu Lahoz,Match Report,Leg 1 of 2,2020
Round of 16,,Tue,2020-02-18,21:00 ,Atlético Madrid,1.2,1–0,0.5,Liverpool,"67,443",Estadio Wanda Metropolitano,Szymon Marciniak,Match Report,Leg 1 of 2,2020
Round of 16,,Wed,2020-02-19,20:00 ,Tottenham,1.1,0–1,2.1,RB Leipzig,"60,095",Tottenham Hotspur Stadium,Cüneyt Çakιr,Match Report,Leg 1 of 2,2020
Round of 16,,Wed,2020-02-19,21:00 ,Atalanta,1.8,4–1,2.5,Valencia,"44,236",Stadio Giuseppe Meazza,Michael Oliver,Match Report,Leg 1 of 2,2020
Round of 16,,Tue,2020-02-25,20:00 ,Chelsea,1.1,0–3,3.4,Bayern Munich,"36,761",Stamford Bridge,Clément Turpin,Match Report,Leg 1 of 2,2020
Round of 16,,Tue,2020-02-25,21:00 ,Napoli,0.7,1–1,1.6,Barcelona,"44,388",Stadio San Paolo,Felix Brych,Match Report,Leg 1 of 2,2020
Round of 16,,Wed,2020-02-26,21:00 ,Real Madrid,1.2,1–2,3.2,Manchester City,"75,615",Estadio Santiago Bernabéu,Daniele Orsato,Match Report,Leg 1 of 2,2020
Round of 16,,Wed,2020-02-26,21:00 ,Lyon,1.1,1–0,1.1,Juventus,"57,335",Groupama Stadium,Jesús Gil,Match Report,Leg 1 of 2,2020
Round of 16,,Tue,2020-03-10,21:00 ,Valencia,2.2,3–4,2.7,Atalanta,,Estadio de Mestalla,Ovidiu Hațegan,Match Report,Leg 2 of 2; Atalanta won,2020
Round of 16,,Tue,2020-03-10,21:00 ,RB Leipzig,0.9,3–0,0.3,Tottenham,"42,146",Red Bull Arena,Carlos del Cerro,Match Report,Leg 2 of 2; RB Leipzig won,2020
Round of 16,,Wed,2020-03-11,20:00 ,Liverpool,3.4,2–3,1.1,Atlético Madrid,"52,267",Anfield,Danny Makkelie,Match Report,Leg 2 of 2; Atlético Madrid won; Required Extra Time,2020
Round of 16,,Wed,2020-03-11,21:00 ,Paris S-G,1.2,2–0,0.5,Dortmund,,Parc des Princes,Anthony Taylor,Match Report,Leg 2 of 2; Paris S-G won,2020
Round of 16,,Fri,2020-08-07,20:00 ,Manchester City,2.1,2–1,0.8,Real Madrid,,Etihad Stadium,Felix Brych,Match Report,Leg 2 of 2; Manchester City won,2020
Round of 16,,Fri,2020-08-07,21:00 ,Juventus,2.6,2–1,1.0,Lyon,,Allianz Stadium,Felix Zwayer,Match Report,Leg 2 of 2; Lyon won,2020
Round of 16,,Sat,2020-08-08,21:00 ,Barcelona,1.1,3–1,2.2,Napoli,,Camp Nou,Cüneyt Çakιr,Match Report,Leg 2 of 2; Barcelona won,2020
Round of 16,,Sat,2020-08-08,21:00 ,Bayern Munich,2.9,4–1,1.0,Chelsea,,Allianz Arena,Ovidiu Hațegan,Match Report,Leg 2 of 2; Bayern Munich won,2020
Quarter-finals,,Wed,2020-08-12,21:00 ,Atalanta,0.5,1–2,2.8,Paris S-G,,Estádio do Sport Lisboa e Benfica (Neutral Site),Anthony Taylor,Match Report,,2020
Quarter-finals,,Thu,2020-08-13,21:00 ,RB Leipzig,0.9,2–1,1.1,Atlético Madrid,,Estádio José Alvalade (Neutral Site),Szymon Marciniak,Match Report,,2020
Quarter-finals,,Fri,2020-08-14,20:00 ,Barcelona,1.1,2–8,5.3,Bayern Munich,,Estádio do Sport Lisboa e Benfica (Neutral Site),Damir Skomina,Match Report,,2020
Quarter-finals,,Sat,2020-08-15,20:00 ,Manchester City,2.5,1–3,1.0,Lyon,,Estádio José Alvalade (Neutral Site),Danny Makkelie,Match Report,,2020
Semi-finals,,Tue,2020-08-18,20:00 ,RB Leipzig,1.0,0–3,3.2,Paris S-G,,Estádio do Sport Lisboa e Benfica (Neutral Site),Björn Kuipers,Match Report,,2020
Semi-finals,,Wed,2020-08-19,20:00 ,Lyon,1.8,0–3,3.2,Bayern Munich,,Estádio José Alvalade (Neutral Site),Antonio Matéu Lahoz,Match Report,,2020
Final,,Sun,2020-08-23,20:00 ,Paris S-G,1.1,0–1,1.5,Bayern Munich,,Estádio do Sport Lisboa e Benfica (Neutral Site),Daniele Orsato,Match Report,,2020
Group stage,1,Tue,2018-09-18,18:55 ,Barcelona,1.5,4–0,0.7,PSV Eindhoven,"73,462",Camp Nou,Tasos Sidiropoulos,Match Report,,2019
Group stage,1,Tue,2018-09-18,18:55 ,Inter,1.2,2–1,0.8,Tottenham,"64,123",Stadio Giuseppe Meazza,Ruddy Buquet,Match Report,,2019
Group stage,1,Tue,2018-09-18,20:00 ,Liverpool,2.3,3–2,0.8,Paris S-G,"52,478",Anfield,Baris Şimşek,Match Report,,2019
Group stage,1,Tue,2018-09-18,21:00 ,Red Star,0.2,0–0,1.6,Napoli,"49,112",Stadion Rajko Mitić,Tomasz Musiał,Match Report,,2019
Group stage,1,Tue,2018-09-18,21:00 ,Club Brugge,0.6,0–1,1.0,Dortmund,"25,181",Jan Breydelstadion,Danny Makkelie,Match Report,,2019
Group stage,1,Tue,2018-09-18,21:00 ,Monaco,0.7,1–2,0.9,Atlético Madrid,"10,575",Stade Louis II.,William Collum,Match Report,,2019
Group stage,1,Tue,2018-09-18,21:00 ,Schalke 04,0.9,1–1,2.2,Porto,"45,755",Veltins-Arena,Ricardo de Burgos,Match Report,,2019
Group stage,1,Tue,2018-09-18,22:00 ,Galatasaray,1.8,3–0,0.9,Loko Moscow,"43,542",Türk Telekom Arena,Luca Banti,Match Report,,2019
Group stage,1,Wed,2018-09-19,18:55 ,Ajax,1.7,3–0,0.4,AEK Athens,"52,285",Johan Cruyff ArenA,Carlos del Cerro,Match Report,,2019
Group stage,1,Wed,2018-09-19,19:55 ,Shakhtar,0.6,2–2,1.8,Hoffenheim,"28,336",Oblasny SportKomplex Metalist,Jakob Kehlet,Match Report,,2019
Group stage,1,Wed,2018-09-19,20:00 ,Manchester City,1.2,1–2,0.8,Lyon,"40,111",Etihad Stadium,Daniele Orsato,Match Report,,2019
Group stage,1,Wed,2018-09-19,20:00 ,Benfica,0.7,0–2,2.4,Bayern Munich,"60,274",Estádio do Sport Lisboa e Benfica,Antonio Matéu Lahoz,Match Report,,2019
Group stage,1,Wed,2018-09-19,21:00 ,Valencia,2.0,0–2,3.7,Juventus,"46,067",Estadio de Mestalla,Felix Brych,Match Report,,2019
Group stage,1,Wed,2018-09-19,21:00 ,Real Madrid,3.5,3–0,0.6,Roma,"69,251",Estadio Santiago Bernabéu,Björn Kuipers,Match Report,,2019
Group stage,1,Wed,2018-09-19,21:00 ,Young Boys,1.7,0–3,2.0,Manchester Utd,"31,120",Stade de Suisse Wankdorf Bern,Deniz Aytekin,Match Report,,2019
Group stage,1,Wed,2018-09-19,21:00 ,Viktoria Plzeň,1.5,2–2,1.7,CSKA Moscow,"11,312",Doosan Arena,Benoît Bastien,Match Report,,2019
Group stage,2,Tue,2018-10-02,18:55 ,Hoffenheim,0.6,1–2,2.2,Manchester City,"24,851",PreZero Arena,Matej Jug,Match Report,,2019
Group stage,2,Tue,2018-10-02,18:55 ,Juventus,3.3,3–0,0.2,Young Boys,"40,961",Allianz Stadium,Sergey Karasev,Match Report,,2019
Group stage,2,Tue,2018-10-02,20:00 ,Manchester Utd,0.9,0–0,0.4,Valencia,"73,569",Old Trafford,Slavko Vinčič,Match Report,,2019
Group stage,2,Tue,2018-10-02,21:00 ,Bayern Munich,1.5,1–1,1.2,Ajax,"70,000",Allianz Arena,Pavel Královec,Match Report,,2019
Group stage,2,Tue,2018-10-02,21:00 ,Lyon,2.8,2–2,1.6,Shakhtar,,Groupama OL Academy Décines-Charpieu ,Aleksandrs Golubevs,Match Report,,2019
Group stage,2,Tue,2018-10-02,21:00 ,Roma,3.1,5–0,0.3,Viktoria Plzeň,"41,243",Stadio Olimpico,Paweł Raczkowski,Match Report,,2019
Group stage,2,Tue,2018-10-02,22:00 ,CSKA Moscow,0.4,1–0,2.2,Real Madrid,"71,811",VEB Arena,Ovidiu Hațegan,Match Report,,2019
Group stage,2,Tue,2018-10-02,22:00 ,AEK Athens,2.8,2–3,1.2,Benfica,"31,154",Olympiako Stadio Spyros Louis,Orel Grinfeeld,Match Report,,2019
Group stage,2,Wed,2018-10-03,18:55 ,Paris S-G,5.4,6–1,0.3,Red Star,"39,979",Parc des Princes,Artur Dias,Match Report,,2019
Group stage,2,Wed,2018-10-03,19:55 ,Loko Moscow,0.7,0–1,1.0,Schalke 04,"21,471",RZD Arena,Anthony Taylor,Match Report,,2019
Group stage,2,Wed,2018-10-03,20:00 ,Porto,1.8,1–0,1.5,Galatasaray,"42,711",Estádio Do Dragão,Michael Oliver,Match Report,,2019
Group stage,2,Wed,2018-10-03,20:00 ,Tottenham,0.5,2–4,1.4,Barcelona,"82,137",Wembley Stadium,Tobias Stieler,Match Report,,2019
Group stage,2,Wed,2018-10-03,21:00 ,Dortmund,3.2,3–0,0.5,Monaco,"66,099",Signal Iduna Park,Aliaksei Kulbakou,Match Report,,2019
Group stage,2,Wed,2018-10-03,21:00 ,PSV Eindhoven,0.7,1–2,2.6,Inter,"34,750",Philips Stadion,Danilo Grujić,Match Report,,2019
Group stage,2,Wed,2018-10-03,21:00 ,Napoli,1.9,1–0,0.1,Liverpool,"37,057",Stadio San Paolo,Sándor Andó-Szabó,Match Report,,2019
Group stage,2,Wed,2018-10-03,21:00 ,Atlético Madrid,1.8,3–1,0.6,Club Brugge,"55,742",Estadio Wanda Metropolitano,Filip Glova,Match Report,,2019
Group stage,3,Tue,2018-10-23,18:55 ,Young Boys,1.9,1–1,0.9,Valencia,"31,120",Stade de Suisse Wankdorf Bern,Aleksandrs Anufrijevs,Match Report,,2019
Group stage,3,Tue,2018-10-23,19:55 ,AEK Athens,0.3,0–2,2.3,Bayern Munich,"61,221",Olympiako Stadio Spyros Louis,Aliaksei Kulbakou,Match Report,,2019
Group stage,3,Tue,2018-10-23,20:00 ,Manchester Utd,0.3,0–1,1.3,Juventus,"73,946",Old Trafford,Danilo Grujić,Match Report,,2019
Group stage,3,Tue,2018-10-23,21:00 ,Real Madrid,2.6,2–1,1.6,Viktoria Plzeň,"67,356",Estadio Santiago Bernabéu,Orel Grinfeeld,Match Report,,2019
Group stage,3,Tue,2018-10-23,21:00 ,Roma,2.3,3–0,0.5,CSKA Moscow,"46,005",Stadio Olimpico,Tasos Sidiropoulos,Match Report,,2019
Group stage,3,Tue,2018-10-23,21:00 ,Hoffenheim,4.1,3–3,1.5,Lyon,"24,144",PreZero Arena,Alberto Undiano,Match Report,,2019
Group stage,3,Tue,2018-10-23,21:00 ,Ajax,1.5,1–0,0.7,Benfica,"52,489",Johan Cruyff ArenA,Ruddy Buquet,Match Report,,2019
Group stage,3,Tue,2018-10-23,22:00 ,Shakhtar,1.1,0–3,2.6,Manchester City,"37,106",Oblasny SportKomplex Metalist,Carlos del Cerro,Match Report,,2019
Group stage,3,Wed,2018-10-24,18:55 ,Club Brugge,1.5,1–1,0.8,Monaco,"23,957",Jan Breydelstadion,Michael Oliver,Match Report,,2019
Group stage,3,Wed,2018-10-24,18:55 ,PSV Eindhoven,0.9,2–2,2.0,Tottenham,"35,000",Philips Stadion,Slavko Vinčič,Match Report,,2019
Group stage,3,Wed,2018-10-24,20:00 ,Liverpool,5.0,4–0,0.5,Red Star,"53,024",Anfield,Daniel Siebert,Match Report,,2019
Group stage,3,Wed,2018-10-24,21:00 ,Barcelona,2.2,2–0,1.0,Inter,"86,290",Camp Nou,Ovidiu Hațegan,Match Report,,2019
Group stage,3,Wed,2018-10-24,21:00 ,Paris S-G,1.1,2–2,1.7,Napoli,"46,274",Parc des Princes,Tobias Stieler,Match Report,,2019
Group stage,3,Wed,2018-10-24,21:00 ,Dortmund,2.0,4–0,0.6,Atlético Madrid,"66,099",Signal Iduna Park,Anthony Taylor,Match Report,,2019
Group stage,3,Wed,2018-10-24,22:00 ,Loko Moscow,2.1,1–3,1.5,Porto,"16,034",RZD Arena,John Beaton,Match Report,,2019
Group stage,3,Wed,2018-10-24,22:00 ,Galatasaray,0.6,0–0,2.2,Schalke 04,"46,667",Türk Telekom Arena,Benoît Bastien,Match Report,,2019
Group stage,4,Tue,2018-11-06,18:55 ,Red Star,0.7,2–0,2.2,Liverpool,"51,318",Stadion Rajko Mitić,Antonio Matéu Lahoz,Match Report,,2019
Group stage,4,Tue,2018-11-06,18:55 ,Monaco,1.1,0–4,1.9,Club Brugge,"8,347",Stade Louis II.,Hugo Miguel,Match Report,,2019
Group stage,4,Tue,2018-11-06,20:00 ,Porto,1.4,4–1,0.7,Loko Moscow,"34,616",Estádio Do Dragão,Massimiliano Irrati,Match Report,,2019
Group stage,4,Tue,2018-11-06,20:00 ,Tottenham,3.5,2–1,0.6,PSV Eindhoven,"46,588",Wembley Stadium,Filip Glova,Match Report,,2019
Group stage,4,Tue,2018-11-06,21:00 ,Napoli,2.0,1–1,1.3,Paris S-G,"55,489",Stadio San Paolo,Björn Kuipers,Match Report,,2019
Group stage,4,Tue,2018-11-06,21:00 ,Schalke 04,1.5,2–0,0.7,Galatasaray,"54,740",Veltins-Arena,William Collum,Match Report,,2019
Group stage,4,Tue,2018-11-06,21:00 ,Atlético Madrid,1.5,2–0,0.6,Dortmund,"61,023",Estadio Wanda Metropolitano,Daniele Orsato,Match Report,,2019
Group stage,4,Tue,2018-11-06,21:00 ,Inter,1.0,1–1,1.6,Barcelona,"70,915",Stadio Giuseppe Meazza,Szymon Marciniak,Match Report,,2019
Group stage,4,Wed,2018-11-07,18:55 ,Valencia,1.8,3–1,1.0,Young Boys,"36,480",Estadio de Mestalla,István Kovács,Match Report,,2019
Group stage,4,Wed,2018-11-07,20:00 ,Benfica,1.4,1–1,1.6,Ajax,"51,328",Estádio do Sport Lisboa e Benfica,Luca Banti,Match Report,,2019
Group stage,4,Wed,2018-11-07,20:00 ,Manchester City,3.4,6–0,0.4,Shakhtar,"52,286",Etihad Stadium,Sándor Andó-Szabó,Match Report,,2019
Group stage,4,Wed,2018-11-07,20:55 ,CSKA Moscow,1.1,1–2,2.4,Roma,"64,454",VEB Arena,Baris Şimşek,Match Report,,2019
Group stage,4,Wed,2018-11-07,21:00 ,Viktoria Plzeň,0.5,0–5,1.6,Real Madrid,"11,483",Doosan Arena,Deniz Aytekin,Match Report,,2019
Group stage,4,Wed,2018-11-07,21:00 ,Bayern Munich,2.7,2–0,0.4,AEK Athens,"70,000",Allianz Arena,Slavko Vinčič,Match Report,,2019
Group stage,4,Wed,2018-11-07,21:00 ,Lyon,2.5,2–2,1.9,Hoffenheim,"53,850",Groupama Stadium,Danny Makkelie,Match Report,,2019
Group stage,4,Wed,2018-11-07,21:00 ,Juventus,1.9,1–2,0.8,Manchester Utd,"41,470",Allianz Stadium,Ovidiu Hațegan,Match Report,,2019
Group stage,5,Tue,2018-11-27,19:55 ,AEK Athens,0.4,0–2,2.2,Ajax,"25,756",Olympiako Stadio Spyros Louis,Michael Oliver,Match Report,,2019
Group stage,5,Tue,2018-11-27,20:00 ,Manchester Utd,1.3,1–0,0.6,Young Boys,"72,876",Old Trafford,Felix Brych,Match Report,,2019
Group stage,5,Tue,2018-11-27,20:55 ,CSKA Moscow,2.2,1–2,2.0,Viktoria Plzeň,"52,892",VEB Arena,Jochem Kamphuis,Match Report,,2019
Group stage,5,Tue,2018-11-27,21:00 ,Roma,2.1,0–2,1.7,Real Madrid,"59,124",Stadio Olimpico,Ruddy Buquet,Match Report,,2019
Group stage,5,Tue,2018-11-27,21:00 ,Juventus,1.8,1–0,0.3,Valencia,"39,070",Allianz Stadium,William Collum,Match Report,,2019
Group stage,5,Tue,2018-11-27,21:00 ,Lyon,2.3,2–2,1.0,Manchester City,"56,039",Groupama Stadium,Luca Banti,Match Report,,2019
Group stage,5,Tue,2018-11-27,21:00 ,Hoffenheim,1.3,2–3,2.1,Shakhtar,"22,920",PreZero Arena,Filip Glova,Match Report,,2019
Group stage,5,Tue,2018-11-27,21:00 ,Bayern Munich,1.9,5–1,0.5,Benfica,"70,000",Allianz Arena,Daniele Orsato,Match Report,,2019
Group stage,5,Wed,2018-11-28,18:55 ,Atlético Madrid,0.9,2–0,1.3,Monaco,"56,314",Estadio Wanda Metropolitano,Mattias Gestranius,Match Report,,2019
Group stage,5,Wed,2018-11-28,20:00 ,Tottenham,1.3,1–0,1.0,Inter,"57,132",Wembley Stadium,Baris Şimşek,Match Report,,2019
Group stage,5,Wed,2018-11-28,20:00 ,Porto,1.6,3–1,0.9,Schalke 04,"41,603",Estádio Do Dragão,Ovidiu Hațegan,Match Report,,2019
Group stage,5,Wed,2018-11-28,20:55 ,Loko Moscow,1.4,2–0,1.3,Galatasaray,"14,037",RZD Arena,Antonio Matéu Lahoz,Match Report,,2019
Group stage,5,Wed,2018-11-28,21:00 ,Paris S-G,1.5,2–1,1.3,Liverpool,"46,880",Parc des Princes,Tomasz Musiał,Match Report,,2019
Group stage,5,Wed,2018-11-28,21:00 ,Dortmund,1.2,0–0,0.3,Club Brugge,"66,099",Signal Iduna Park,Gediminas Mažeika,Match Report,,2019
Group stage,5,Wed,2018-11-28,21:00 ,Napoli,2.4,3–1,0.8,Red Star,"44,470",Stadio San Paolo,Ricardo de Burgos,Match Report,,2019
Group stage,5,Wed,2018-11-28,21:00 ,PSV Eindhoven,3.0,1–2,2.4,Barcelona,"34,600",Philips Stadion,Miroslav Zelinka,Match Report,,2019
Group stage,6,Tue,2018-12-11,18:55 ,Schalke 04,2.1,1–0,0.7,Loko Moscow,"48,883",Veltins-Arena,Tasos Sidiropoulos,Match Report,,2019
Group stage,6,Tue,2018-12-11,20:00 ,Liverpool,3.0,1–0,1.2,Napoli,"52,015",Anfield,Damir Skomina,Match Report,,2019
Group stage,6,Tue,2018-12-11,20:55 ,Galatasaray,3.9,2–3,1.7,Porto,"33,972",Türk Telekom Arena,Aliaksei Kulbakou,Match Report,,2019
Group stage,6,Tue,2018-12-11,21:00 ,Red Star,0.4,1–4,2.9,Paris S-G,"48,357",Stadion Rajko Mitić,William Collum,Match Report,,2019
Group stage,6,Tue,2018-12-11,21:00 ,Monaco,0.6,0–2,2.6,Dortmund,"8,731",Stade Louis II.,Craig Pawson,Match Report,,2019
Group stage,6,Tue,2018-12-11,21:00 ,Club Brugge,0.6,0–0,0.4,Atlético Madrid,"25,645",Jan Breydelstadion,Davide Massa,Match Report,,2019
Group stage,6,Tue,2018-12-11,21:00 ,Barcelona,1.3,1–1,2.4,Tottenham,"69,961",Camp Nou,Milorad Mažić,Match Report,,2019
Group stage,6,Tue,2018-12-11,21:00 ,Inter,1.9,1–1,1.2,PSV Eindhoven,"62,533",Stadio Giuseppe Meazza,Felix Zwayer,Match Report,,2019
Group stage,6,Wed,2018-12-12,18:55 ,Viktoria Plzeň,2.0,2–1,1.1,Roma,"11,217",Doosan Arena,Anthony Taylor,Match Report,,2019
Group stage,6,Wed,2018-12-12,18:55 ,Real Madrid,1.3,0–3,0.9,CSKA Moscow,"51,636",Estadio Santiago Bernabéu,Hugo Miguel,Match Report,,2019
Group stage,6,Wed,2018-12-12,20:00 ,Manchester City,3.4,2–1,1.4,Hoffenheim,"50,411",Etihad Stadium,Andreas Ekberg,Match Report,,2019
Group stage,6,Wed,2018-12-12,20:00 ,Benfica,1.8,1–0,0.4,AEK Athens,"33,633",Estádio do Sport Lisboa e Benfica,Bobby Madden,Match Report,,2019
Group stage,6,Wed,2018-12-12,21:00 ,Valencia,1.4,2–1,1.8,Manchester Utd,"36,544",Estadio de Mestalla,Georgi Kabakov,Match Report,,2019
Group stage,6,Wed,2018-12-12,21:00 ,Young Boys,1.2,2–1,2.1,Juventus,"30,114",Stade de Suisse Wankdorf Bern,Tobias Stieler,Match Report,,2019
Group stage,6,Wed,2018-12-12,21:00 ,Ajax,3.0,3–3,3.1,Bayern Munich,"52,244",Johan Cruyff ArenA,Clément Turpin,Match Report,,2019
Group stage,6,Wed,2018-12-12,22:00 ,Shakhtar,1.1,1–1,1.3,Lyon,"38,916",NSK Olimpijs'kyj,Björn Kuipers,Match Report,,2019
Round of 16,,Tue,2019-02-12,20:00 ,Manchester Utd,0.4,0–2,2.5,Paris S-G,"74,054",Old Trafford,Daniele Orsato,Match Report,Leg 1 of 2,2019
Round of 16,,Tue,2019-02-12,21:00 ,Roma,1.5,2–1,0.6,Porto,"51,727",Stadio Olimpico,Jochem Kamphuis,Match Report,Leg 1 of 2,2019
Round of 16,,Wed,2019-02-13,20:00 ,Tottenham,1.8,3–0,0.3,Dortmund,"71,214",Wembley Stadium,Antonio Matéu Lahoz,Match Report,Leg 1 of 2,2019
Round of 16,,Wed,2019-02-13,21:00 ,Ajax,2.2,1–2,1.5,Real Madrid,"52,286",Johan Cruyff ArenA,Szymon Marciniak,Match Report,Leg 1 of 2,2019
Round of 16,,Tue,2019-02-19,20:00 ,Liverpool,2.1,0–0,0.4,Bayern Munich,"52,250",Anfield,Gianluca Rocchi,Match Report,Leg 1 of 2,2019
Round of 16,,Tue,2019-02-19,21:00 ,Lyon,0.3,0–0,2.1,Barcelona,"57,889",Groupama Stadium,Cüneyt Çakιr,Match Report,Leg 1 of 2,2019
Round of 16,,Wed,2019-02-20,21:00 ,Schalke 04,1.8,2–3,1.6,Manchester City,"54,417",Veltins-Arena,Alejandro Hernández,Match Report,Leg 1 of 2,2019
Round of 16,,Wed,2019-02-20,21:00 ,Atlético Madrid,1.4,2–0,0.7,Juventus,"67,193",Estadio Wanda Metropolitano,Felix Zwayer,Match Report,Leg 1 of 2,2019
Round of 16,,Tue,2019-03-05,21:00 ,Real Madrid,2.5,1–4,2.6,Ajax,"77,013",Estadio Santiago Bernabéu,Felix Brych,Match Report,Leg 2 of 2; Ajax won,2019
Round of 16,,Tue,2019-03-05,21:00 ,Dortmund,1.4,0–1,1.0,Tottenham,"66,099",Signal Iduna Park,Danny Makkelie,Match Report,Leg 2 of 2; Tottenham won,2019
Round of 16,,Wed,2019-03-06,20:00 ,Porto,4.2,3–1,1.9,Roma,"49,029",Estádio Do Dragão,Paweł Gil,Match Report,Leg 2 of 2; Porto won; Required Extra Time,2019
Round of 16,,Wed,2019-03-06,21:00 ,Paris S-G,1.4,1–3,2.1,Manchester Utd,"47,441",Parc des Princes,Damir Skomina,Match Report,Leg 2 of 2; Manchester Utd won,2019
Round of 16,,Tue,2019-03-12,20:00 ,Manchester City,3.7,7–0,0.1,Schalke 04,"51,518",Etihad Stadium,Clément Turpin,Match Report,Leg 2 of 2; Manchester City won,2019
Round of 16,,Tue,2019-03-12,21:00 ,Juventus,2.5,3–0,0.4,Atlético Madrid,"40,884",Allianz Stadium,Björn Kuipers,Match Report,Leg 2 of 2; Juventus won,2019
Round of 16,,Wed,2019-03-13,21:00 ,Barcelona,4.3,5–1,0.6,Lyon,"92,346",Camp Nou,Szymon Marciniak,Match Report,Leg 2 of 2; Barcelona won,2019
Round of 16,,Wed,2019-03-13,21:00 ,Bayern Munich,0.3,1–3,1.1,Liverpool,"68,145",Allianz Arena,Daniele Orsato,Match Report,Leg 2 of 2; Liverpool won,2019
Quarter-finals,,Tue,2019-04-09,20:00 ,Liverpool,2.3,2–0,0.8,Porto,"52,465",Anfield,Antonio Matéu Lahoz,Match Report,Leg 1 of 2,2019
Quarter-finals,,Tue,2019-04-09,20:00 ,Tottenham,0.9,1–0,1.3,Manchester City,"60,044",Tottenham Hotspur Stadium,Björn Kuipers,Match Report,Leg 1 of 2,2019
Quarter-finals,,Wed,2019-04-10,20:00 ,Manchester Utd,0.5,0–1,1.1,Barcelona,"74,093",Old Trafford,Gianluca Rocchi,Match Report,Leg 1 of 2,2019
Quarter-finals,,Wed,2019-04-10,21:00 ,Ajax,1.2,1–1,0.7,Juventus,"50,390",Johan Cruyff ArenA,Carlos del Cerro,Match Report,Leg 1 of 2,2019
Quarter-finals,,Tue,2019-04-16,21:00 ,Juventus,0.8,1–2,2.2,Ajax,"41,445",Allianz Stadium,Clément Turpin,Match Report,Leg 2 of 2; Ajax won,2019
Quarter-finals,,Tue,2019-04-16,21:00 ,Barcelona,1.4,3–0,0.4,Manchester Utd,"96,708",Camp Nou,Felix Brych,Match Report,Leg 2 of 2; Barcelona won,2019
Quarter-finals,,Wed,2019-04-17,20:00 ,Porto,1.0,1–4,3.5,Liverpool,"49,117",Estádio Do Dragão,Danny Makkelie,Match Report,Leg 2 of 2; Liverpool won,2019
Quarter-finals,,Wed,2019-04-17,20:00 ,Manchester City,2.5,4–3,0.7,Tottenham,"53,348",Etihad Stadium,Cüneyt Çakιr,Match Report,Leg 2 of 2; Tottenham won,2019
Semi-finals,,Tue,2019-04-30,20:00 ,Tottenham,0.6,0–1,1.3,Ajax,"60,243",Tottenham Hotspur Stadium,Antonio Matéu Lahoz,Match Report,Leg 1 of 2,2019
Semi-finals,,Wed,2019-05-01,21:00 ,Barcelona,2.4,3–0,1.8,Liverpool,"98,299",Camp Nou,Björn Kuipers,Match Report,Leg 1 of 2,2019
Semi-finals,,Tue,2019-05-07,20:00 ,Liverpool,2.3,4–0,1.4,Barcelona,"55,212",Anfield,Cüneyt Çakιr,Match Report,Leg 2 of 2; Liverpool won,2019
Semi-finals,,Wed,2019-05-08,21:00 ,Ajax,1.6,2–3,4.2,Tottenham,"52,641",Johan Cruyff ArenA,Felix Brych,Match Report,Leg 2 of 2; Tottenham won,2019
Final,,Sat,2019-06-01,21:00 ,Tottenham,0.8,0–2,1.3,Liverpool,"63,272",Estadio Wanda Metropolitano (Neutral Site),Damir Skomina,Match Report,,2019
Group stage,1,Tue,2017-09-12,19:45 ,Chelsea,2.0,6–0,0.3,Qarabağ FK,"41,150",Stamford Bridge,Tasos Sidiropoulos,Match Report,,2018
Group stage,1,Tue,2017-09-12,19:45 ,Celtic,0.4,0–5,2.5,Paris S-G,"57,562",Celtic Park,Daniele Orsato,Match Report,,2018
Group stage,1,Tue,2017-09-12,19:45 ,Manchester Utd,3.4,3–0,0.6,Basel,"73,854",Old Trafford,Ruddy Buquet,Match Report,,2018
Group stage,1,Tue,2017-09-12,19:45 ,Benfica,2.1,1–2,1.6,CSKA Moscow,"38,323",Estádio do Sport Lisboa e Benfica,Alberto Undiano,Match Report,,2018
Group stage,1,Tue,2017-09-12,20:45 ,Roma,0.5,0–0,2.4,Atlético Madrid,"36,064",Stadio Olimpico,Milorad Mažić,Match Report,,2018
Group stage,1,Tue,2017-09-12,20:45 ,Barcelona,0.9,3–0,0.7,Juventus,"78,656",Camp Nou,Damir Skomina,Match Report,,2018
Group stage,1,Tue,2017-09-12,20:45 ,Bayern Munich,4.2,3–0,0.8,Anderlecht,"70,000",Allianz Arena,Paolo Tagliavento,Match Report,,2018
Group stage,1,Tue,2017-09-12,21:45 ,Olympiacos,1.1,2–3,2.6,Sporting CP,"30,168",Stadio Georgios Karaiskáki,Viktor Kassai,Match Report,,2018
Group stage,1,Wed,2017-09-13,19:45 ,Porto,1.5,1–3,0.9,Beşiktaş,"42,429",Estádio Do Dragão,Anthony Taylor,Match Report,,2018
Group stage,1,Wed,2017-09-13,19:45 ,Liverpool,2.4,2–2,1.2,Sevilla,"52,332",Anfield,Danny Makkelie,Match Report,,2018
Group stage,1,Wed,2017-09-13,19:45 ,Tottenham,1.2,3–1,0.8,Dortmund,"67,343",Wembley Stadium,Gianluca Rocchi,Match Report,,2018
Group stage,1,Wed,2017-09-13,20:45 ,NK Maribor,1.1,1–1,1.8,Spartak Moscow,"12,566",Ljudski vrt,Deniz Aytekin,Match Report,,2018
Group stage,1,Wed,2017-09-13,20:45 ,Feyenoord,0.3,0–4,1.3,Manchester City,"43,500",Stadion Feijenoord,Szymon Marciniak,Match Report,,2018
Group stage,1,Wed,2017-09-13,20:45 ,RB Leipzig,0.9,1–1,1.1,Monaco,"40,068",Red Bull Arena,Michael Oliver,Match Report,,2018
Group stage,1,Wed,2017-09-13,20:45 ,Real Madrid,3.9,3–0,0.2,APOEL FC,"71,060",Estadio Santiago Bernabéu,Benoît Bastien,Match Report,,2018
Group stage,1,Wed,2017-09-13,21:45 ,Shakhtar,1.4,2–1,1.9,Napoli,"32,679",L'viv Arena,Felix Zwayer,Match Report,,2018
Group stage,2,Tue,2017-09-26,19:45 ,Manchester City,3.2,2–0,0.5,Shakhtar,"45,310",Academy Stadium,Jorge de Sousa,Match Report,,2018
Group stage,2,Tue,2017-09-26,20:45 ,Sevilla,3.9,3–0,0.4,NK Maribor,"34,705",Estadio Ramón Sánchez Pizjuán,Aliaksei Kulbakov,Match Report,,2018
Group stage,2,Tue,2017-09-26,20:45 ,Dortmund,1.2,1–3,3.2,Real Madrid,"65,849",Signal Iduna Park,Björn Kuipers,Match Report,,2018
Group stage,2,Tue,2017-09-26,20:45 ,Monaco,0.6,0–3,2.9,Porto,"11,703",Stade Louis II.,Slavko Vinčić,Match Report,,2018
Group stage,2,Tue,2017-09-26,20:45 ,Napoli,0.9,3–1,1.6,Feyenoord,"22,577",Stadio San Paolo,William Collum,Match Report,,2018
Group stage,2,Tue,2017-09-26,21:45 ,Spartak Moscow,0.2,1–1,2.8,Liverpool,"43,376",Otkrytie Arena,Clément Turpin,Match Report,,2018
Group stage,2,Tue,2017-09-26,21:45 ,Beşiktaş,1.0,2–0,1.1,RB Leipzig,"36,641",Vodafone Arena,Sergey Karasev,Match Report,,2018
Group stage,2,Tue,2017-09-26,21:45 ,APOEL FC,1.0,0–3,1.8,Tottenham,"16,324",Neo GSP,Pavel Královec,Match Report,,2018
Group stage,2,Thu,2017-09-28,00:45 ,CSKA Moscow,0.6,1–4,4.3,Manchester Utd,"29,073",Stadion CSKA,Jonas Eriksson,Match Report,,2018
Group stage,2,Wed,2017-09-27,19:45 ,Sporting CP,0.7,0–1,0.9,Barcelona,"48,575",Estádio José Alvalade,Ovidiu Hațegan,Match Report,,2018
Group stage,2,Wed,2017-09-27,20:00 ,Qarabağ FK,0.9,1–2,1.9,Roma,"67,200",Bakı Olimpiya Stadionu,Artur Soares Dias,Match Report,,2018
Group stage,2,Wed,2017-09-27,20:45 ,Atlético Madrid,1.4,1–2,2.5,Chelsea,"60,643",Estadio Wanda Metropolitano,Cüneyt Çakιr,Match Report,,2018
Group stage,2,Wed,2017-09-27,20:45 ,Juventus,2.3,2–0,0.5,Olympiacos,"33,460",Allianz Stadium,Tobias Stieler,Match Report,,2018
Group stage,2,Wed,2017-09-27,20:45 ,Basel,3.2,5–0,0.4,Benfica,"34,111",St. Jakob-Park,Craig Thomson,Match Report,,2018
Group stage,2,Wed,2017-09-27,20:45 ,Paris S-G,2.0,3–0,1.0,Bayern Munich,"46,252",Parc des Princes,Antonio Matéu Lahoz,Match Report,,2018
Group stage,2,Wed,2017-09-27,20:45 ,Anderlecht,0.6,0–3,1.2,Celtic,"19,898",Stade Constant Vanden Stock,Jesús Gil,Match Report,,2018
Group stage,3,Tue,2017-10-17,19:45 ,Manchester City,2.7,2–1,2.2,Napoli,"48,520",Etihad Stadium,Antonio Matéu Lahoz,Match Report,,2018
Group stage,3,Tue,2017-10-17,20:45 ,Feyenoord,1.6,1–2,1.3,Shakhtar,"43,500",Stadion Feijenoord,Alberto Undiano,Match Report,,2018
Group stage,3,Tue,2017-10-17,20:45 ,Monaco,0.7,1–2,1.2,Beşiktaş,"7,403",Stade Louis II.,Milorad Mažić,Match Report,,2018
Group stage,3,Tue,2017-10-17,20:45 ,RB Leipzig,2.5,3–2,1.1,Porto,"41,496",Red Bull Arena,Paolo Tagliavento,Match Report,,2018
Group stage,3,Tue,2017-10-17,20:45 ,Real Madrid,2.9,1–1,0.9,Tottenham,"76,589",Estadio Santiago Bernabéu,Szymon Marciniak,Match Report,,2018
Group stage,3,Tue,2017-10-17,20:45 ,NK Maribor,0.4,0–7,4.6,Liverpool,"12,506",Ljudski vrt,Viktor Kassai,Match Report,,2018
Group stage,3,Tue,2017-10-17,21:45 ,Spartak Moscow,1.7,5–1,1.3,Sevilla,"44,307",Otkrytie Arena,Gianluca Rocchi,Match Report,,2018
Group stage,3,Tue,2017-10-17,21:45 ,APOEL FC,1.0,1–1,2.1,Dortmund,"15,604",Neo GSP,Aliaksei Kulbakov,Match Report,,2018
Group stage,3,Wed,2017-10-18,19:45 ,Benfica,0.5,0–1,0.6,Manchester Utd,"57,684",Estádio do Sport Lisboa e Benfica,Felix Zwayer,Match Report,,2018
Group stage,3,Wed,2017-10-18,19:45 ,Chelsea,1.6,3–3,1.6,Roma,"41,105",Stamford Bridge,Damir Skomina,Match Report,,2018
Group stage,3,Wed,2017-10-18,20:00 ,Qarabağ FK,0.4,0–0,1.9,Atlético Madrid,"47,923",Bakı Olimpiya Stadionu,Ruddy Buquet,Match Report,,2018
Group stage,3,Wed,2017-10-18,20:45 ,Barcelona,3.5,3–1,0.2,Olympiacos,"55,026",Camp Nou,William Collum,Match Report,,2018
Group stage,3,Wed,2017-10-18,20:45 ,Anderlecht,1.2,0–4,3.3,Paris S-G,"19,108",Stade Constant Vanden Stock,Pavel Královec,Match Report,,2018
Group stage,3,Wed,2017-10-18,20:45 ,Bayern Munich,3.2,3–0,0.6,Celtic,"70,000",Allianz Arena,Sergey Karasev,Match Report,,2018
Group stage,3,Wed,2017-10-18,20:45 ,Juventus,1.5,2–1,0.5,Sporting CP,"36,288",Allianz Stadium,Michael Oliver,Match Report,,2018
Group stage,3,Wed,2017-10-18,21:45 ,CSKA Moscow,0.4,0–2,1.4,Basel,"27,996",VEB Arena,Björn Kuipers,Match Report,,2018
Group stage,4,Tue,2017-10-31,19:45 ,Celtic,1.4,1–2,0.7,Bayern Munich,"58,269",Celtic Park,Danny Makkelie,Match Report,,2018
Group stage,4,Tue,2017-10-31,19:45 ,Sporting CP,0.5,1–1,2.0,Juventus,"48,442",Estádio José Alvalade,Clément Turpin,Match Report,,2018
Group stage,4,Tue,2017-10-31,19:45 ,Manchester Utd,2.7,2–0,0.9,Benfica,"74,437",Old Trafford,Gediminas Mažeika,Match Report,,2018
Group stage,4,Tue,2017-10-31,20:45 ,Paris S-G,2.6,5–0,0.2,Anderlecht,"46,403",Parc des Princes,David Fernández,Match Report,,2018
Group stage,4,Tue,2017-10-31,20:45 ,Atlético Madrid,3.2,1–1,0.2,Qarabağ FK,"55,893",Estadio Wanda Metropolitano,Deniz Aytekin,Match Report,,2018
Group stage,4,Tue,2017-10-31,20:45 ,Roma,1.5,3–0,1.3,Chelsea,"55,036",Stadio Olimpico,Jonas Eriksson,Match Report,,2018
Group stage,4,Tue,2017-10-31,20:45 ,Basel,1.2,1–2,1.3,CSKA Moscow,"33,303",St. Jakob-Park,Milorad Mažić,Match Report,,2018
Group stage,4,Tue,2017-10-31,21:45 ,Olympiacos,0.3,0–0,1.8,Barcelona,"31,600",Stadio Georgios Karaiskáki,Anthony Taylor,Match Report,,2018
Group stage,4,Wed,2017-11-01,19:45 ,Tottenham,2.3,3–1,2.2,Real Madrid,"83,782",Wembley Stadium,Cüneyt Çakιr,Match Report,,2018
Group stage,4,Wed,2017-11-01,19:45 ,Porto,1.8,3–1,0.6,RB Leipzig,"41,616",Estádio Do Dragão,Ovidiu Hațegan,Match Report,,2018
Group stage,4,Wed,2017-11-01,19:45 ,Liverpool,2.7,3–0,0.3,NK Maribor,"47,957",Anfield,Ivan Kružliak,Match Report,,2018
Group stage,4,Wed,2017-11-01,20:00 ,Beşiktaş,1.3,1–1,1.0,Monaco,"39,346",Vodafone Arena,Paolo Tagliavento,Match Report,,2018
Group stage,4,Wed,2017-11-01,20:45 ,Sevilla,0.9,2–1,1.2,Spartak Moscow,"38,002",Estadio Ramón Sánchez Pizjuán,Artur Soares Dias,Match Report,,2018
Group stage,4,Wed,2017-11-01,20:45 ,Dortmund,2.8,1–1,0.6,APOEL FC,"64,500",Fußballpark BVB Hohenbuschei,Matej Jug,Match Report,,2018
Group stage,4,Wed,2017-11-01,20:45 ,Napoli,2.1,2–4,1.4,Manchester City,"44,483",Stadio San Paolo,Felix Brych,Match Report,,2018
Group stage,4,Wed,2017-11-01,21:45 ,Shakhtar,2.6,3–1,1.0,Feyenoord,"24,570",Oblasny SportKomplex Metalist,Tasos Sidiropoulos,Match Report,,2018
Group stage,5,Tue,2017-11-21,19:45 ,Manchester City,1.3,1–0,0.3,Feyenoord,"43,548",Etihad Stadium,Ivan Kružliak,Match Report,,2018
Group stage,5,Tue,2017-11-21,20:00 ,Beşiktaş,0.7,1–1,0.7,Porto,"36,919",Vodafone Arena,Antonio Matéu Lahoz,Match Report,,2018
Group stage,5,Tue,2017-11-21,20:00 ,Spartak Moscow,1.4,1–1,1.2,NK Maribor,"42,920",Otkrytie Arena,William Collum,Match Report,,2018
Group stage,5,Tue,2017-11-21,20:45 ,Sevilla,1.9,3–3,2.3,Liverpool,"39,495",Estadio Ramón Sánchez Pizjuán,Felix Brych,Match Report,,2018
Group stage,5,Tue,2017-11-21,20:45 ,Napoli,1.9,3–0,0.5,Shakhtar,"10,573",Stadio San Paolo,Damir Skomina,Match Report,,2018
Group stage,5,Tue,2017-11-21,20:45 ,Dortmund,1.1,1–2,1.1,Tottenham,"65,849",Signal Iduna Park,Clément Turpin,Match Report,,2018
Group stage,5,Tue,2017-11-21,20:45 ,Monaco,0.8,1–4,1.5,RB Leipzig,"9,029",Stade Louis II.,Alberto Undiano,Match Report,,2018
Group stage,5,Tue,2017-11-21,21:45 ,APOEL FC,0.5,0–6,3.7,Real Madrid,"19,705",Neo GSP,Artur Soares Dias,Match Report,,2018
Group stage,5,Wed,2017-11-22,19:45 ,Sporting CP,2.0,3–1,0.4,Olympiacos,"42,528",Estádio José Alvalade,Felix Zwayer,Match Report,,2018
Group stage,5,Wed,2017-11-22,20:00 ,CSKA Moscow,1.0,2–0,1.0,Benfica,"27,709",VEB Arena,Deniz Aytekin,Match Report,,2018
Group stage,5,Wed,2017-11-22,20:45 ,Juventus,0.5,0–0,0.9,Barcelona,"40,876",Allianz Stadium,Milorad Mažić,Match Report,,2018
Group stage,5,Wed,2017-11-22,20:45 ,Basel,1.1,1–0,1.5,Manchester Utd,"36,000",St. Jakob-Park,Daniele Orsato,Match Report,,2018
Group stage,5,Wed,2017-11-22,20:45 ,Anderlecht,1.8,1–2,2.2,Bayern Munich,"19,753",Stade Constant Vanden Stock,Anthony Taylor,Match Report,,2018
Group stage,5,Wed,2017-11-22,20:45 ,Paris S-G,2.8,7–1,0.3,Celtic,"46,288",Parc des Princes,Tasos Sidiropoulos,Match Report,,2018
Group stage,5,Wed,2017-11-22,20:45 ,Atlético Madrid,1.4,2–0,0.5,Roma,"56,253",Estadio Wanda Metropolitano,Björn Kuipers,Match Report,,2018
Group stage,5,Wed,2017-11-22,21:00 ,Qarabağ FK,0.2,0–4,3.9,Chelsea,"67,100",Bakı Olimpiya Stadionu,Jorge de Sousa,Match Report,,2018
Group stage,6,Tue,2017-12-05,19:45 ,Chelsea,2.9,1–1,1.0,Atlético Madrid,"40,875",Stamford Bridge,Danny Makkelie,Match Report,,2018
Group stage,6,Tue,2017-12-05,19:45 ,Celtic,0.8,0–1,0.7,Anderlecht,"57,931",Celtic Park,Matej Jug,Match Report,,2018
Group stage,6,Tue,2017-12-05,19:45 ,Manchester Utd,2.9,2–1,0.8,CSKA Moscow,"74,669",Old Trafford,Gianluca Rocchi,Match Report,,2018
Group stage,6,Tue,2017-12-05,19:45 ,Benfica,1.4,0–2,1.4,Basel,"22,470",Estádio do Sport Lisboa e Benfica,Jesús Gil,Match Report,,2018
Group stage,6,Tue,2017-12-05,20:45 ,Barcelona,1.2,2–0,1.0,Sporting CP,"48,336",Camp Nou,Craig Thomson,Match Report,,2018
Group stage,6,Tue,2017-12-05,20:45 ,Roma,1.9,1–0,0.4,Qarabağ FK,"34,258",Stadio Olimpico,Tobias Stieler,Match Report,,2018
Group stage,6,Tue,2017-12-05,20:45 ,Bayern Munich,1.8,3–1,1.9,Paris S-G,"70,000",Allianz Arena,Cüneyt Çakιr,Match Report,,2018
Group stage,6,Tue,2017-12-05,21:45 ,Olympiacos,1.0,0–2,1.5,Juventus,"29,567",Stadio Georgios Karaiskáki,David Fernández,Match Report,,2018
Group stage,6,Wed,2017-12-06,19:45 ,Tottenham,2.3,3–0,0.6,APOEL FC,"42,679",Wembley Stadium,Slavko Vinčić,Match Report,,2018
Group stage,6,Wed,2017-12-06,19:45 ,Porto,1.9,5–2,1.7,Monaco,"42,509",Estádio Do Dragão,Jonas Eriksson,Match Report,,2018
Group stage,6,Wed,2017-12-06,19:45 ,Liverpool,4.2,7–0,0.6,Spartak Moscow,"48,779",Anfield,Szymon Marciniak,Match Report,,2018
Group stage,6,Wed,2017-12-06,20:45 ,RB Leipzig,3.0,1–2,1.8,Beşiktaş,"42,558",Red Bull Arena,Viktor Kassai,Match Report,,2018
Group stage,6,Wed,2017-12-06,20:45 ,Feyenoord,0.7,2–1,1.3,Napoli,"36,500",Stadion Feijenoord,Michael Oliver,Match Report,,2018
Group stage,6,Wed,2017-12-06,20:45 ,NK Maribor,0.8,1–1,1.7,Sevilla,"11,976",Ljudski vrt,Ovidiu Hațegan,Match Report,,2018
Group stage,6,Wed,2017-12-06,20:45 ,Real Madrid,2.7,3–2,1.7,Dortmund,"73,323",Estadio Santiago Bernabéu,Pavel Královec,Match Report,,2018
Group stage,6,Wed,2017-12-06,21:45 ,Shakhtar,1.7,2–1,1.7,Manchester City,"33,154",Oblasny SportKomplex Metalist,Benoît Bastien,Match Report,,2018
Round of 16,,Tue,2018-02-13,20:45 ,Basel,1.0,0–4,0.7,Manchester City,"36,000",St. Jakob-Park,Jonas Eriksson,Match Report,Leg 1 of 2,2018
Round of 16,,Tue,2018-02-13,20:45 ,Juventus,2.5,2–2,1.8,Tottenham,"41,232",Allianz Stadium,Felix Brych,Match Report,Leg 1 of 2,2018
Round of 16,,Wed,2018-02-14,19:45 ,Porto,0.5,0–5,2.6,Liverpool,"47,718",Estádio Do Dragão,Daniele Orsato,Match Report,Leg 1 of 2,2018
Round of 16,,Wed,2018-02-14,20:45 ,Real Madrid,2.4,3–1,1.0,Paris S-G,"78,158",Estadio Ramón Sánchez Pizjuán,Gianluca Rocchi,Match Report,Leg 1 of 2,2018
Round of 16,,Tue,2018-02-20,19:45 ,Chelsea,0.5,1–1,0.6,Barcelona,"37,741",Stamford Bridge,Cüneyt Çakιr,Match Report,Leg 1 of 2,2018
Round of 16,,Tue,2018-02-20,20:45 ,Bayern Munich,4.9,5–0,0.3,Beşiktaş,"70,000",Allianz Arena,Ovidiu Hațegan,Match Report,Leg 1 of 2,2018
Round of 16,,Wed,2018-02-21,20:45 ,Sevilla,2.0,0–0,0.7,Manchester Utd,"39,725",Estadio Ramón Sánchez Pizjuán,Clément Turpin,Match Report,Leg 1 of 2,2018
Round of 16,,Wed,2018-02-21,21:45 ,Shakhtar,1.7,2–1,1.8,Roma,"35,124",Oblasny SportKomplex Metalist,William Collum,Match Report,Leg 1 of 2,2018
Round of 16,,Tue,2018-03-06,19:45 ,Liverpool,1.6,0–0,0.6,Porto,"48,768",Anfield,Felix Zwayer,Match Report,Leg 2 of 2; Liverpool won,2018
Round of 16,,Tue,2018-03-06,20:45 ,Paris S-G,1.1,1–2,2.2,Real Madrid,"46,585",Parc des Princes,Felix Brych,Match Report,Leg 2 of 2; Real Madrid won,2018
Round of 16,,Wed,2018-03-07,19:45 ,Tottenham,1.7,1–2,1.5,Juventus,"84,010",Wembley Stadium,Szymon Marciniak,Match Report,Leg 2 of 2; Juventus won,2018
Round of 16,,Wed,2018-03-07,19:45 ,Manchester City,1.6,1–2,0.6,Basel,"49,411",Etihad Stadium,Pavel Královec,Match Report,Leg 2 of 2; Manchester City won,2018
Round of 16,,Tue,2018-03-13,19:45 ,Manchester Utd,1.9,1–2,1.7,Sevilla,"74,909",Old Trafford,Danny Makkelie,Match Report,Leg 2 of 2; Sevilla won,2018
Round of 16,,Tue,2018-03-13,20:45 ,Roma,0.7,1–0,0.2,Shakhtar,"47,693",Stadio Olimpico,Alberto Undiano,Match Report,Leg 2 of 2; Roma won,2018
Round of 16,,Wed,2018-03-14,20:00 ,Beşiktaş,1.2,1–3,2.1,Bayern Munich,"36,885",Vodafone Arena,Michael Oliver,Match Report,Leg 2 of 2; Bayern Munich won,2018
Round of 16,,Wed,2018-03-14,20:45 ,Barcelona,1.0,3–0,0.7,Chelsea,"97,183",Camp Nou,Damir Skomina,Match Report,Leg 2 of 2; Barcelona won,2018
Quarter-finals,,Tue,2018-04-03,20:45 ,Sevilla,0.9,1–2,1.4,Bayern Munich,"40,635",Estadio Ramón Sánchez Pizjuán,Daniele Orsato,Match Report,Leg 1 of 2,2018
Quarter-finals,,Tue,2018-04-03,20:45 ,Juventus,1.6,0–3,3.1,Real Madrid,"40,849",Allianz Stadium,Cüneyt Çakιr,Match Report,Leg 1 of 2,2018
Quarter-finals,,Wed,2018-04-04,19:45 ,Liverpool,1.6,3–0,0.6,Manchester City,"50,685",Anfield,Felix Brych,Match Report,Leg 1 of 2,2018
Quarter-finals,,Wed,2018-04-04,20:45 ,Barcelona,1.9,4–1,1.7,Roma,"90,106",Camp Nou,Danny Makkelie,Match Report,Leg 1 of 2,2018
Quarter-finals,,Tue,2018-04-10,19:45 ,Manchester City,1.2,1–2,0.8,Liverpool,"53,461",Etihad Stadium,Antonio Matéu Lahoz,Match Report,Leg 2 of 2; Liverpool won,2018
Quarter-finals,,Tue,2018-04-10,20:45 ,Roma,2.7,3–0,0.9,Barcelona,"56,580",Stadio Olimpico,Clément Turpin,Match Report,Leg 2 of 2; Roma won,2018
Quarter-finals,,Wed,2018-04-11,20:45 ,Bayern Munich,1.2,0–0,0.6,Sevilla,"70,000",Allianz Arena,William Collum,Match Report,Leg 2 of 2; Bayern Munich won,2018
Quarter-finals,,Wed,2018-04-11,20:45 ,Real Madrid,2.7,1–3,2.7,Juventus,"75,796",Estadio Santiago Bernabéu,Michael Oliver,Match Report,Leg 2 of 2; Real Madrid won,2018
Semi-finals,,Tue,2018-04-24,19:45 ,Liverpool,3.7,5–2,1.9,Roma,"51,236",Anfield,Felix Brych,Match Report,Leg 1 of 2,2018
Semi-finals,,Wed,2018-04-25,20:45 ,Bayern Munich,1.9,1–2,0.7,Real Madrid,"70,000",Allianz Arena,Björn Kuipers,Match Report,Leg 1 of 2,2018
Semi-finals,,Tue,2018-05-01,20:45 ,Real Madrid,1.8,2–2,3.0,Bayern Munich,"77,459",Estadio Santiago Bernabéu,Cüneyt Çakιr,Match Report,Leg 2 of 2; Real Madrid won,2018
Semi-finals,,Wed,2018-05-02,20:45 ,Roma,2.4,4–2,1.6,Liverpool,"61,889",Stadio Olimpico,Damir Skomina,Match Report,Leg 2 of 2; Liverpool won,2018
Final,,Sat,2018-05-26,21:45 ,Real Madrid,1.5,3–1,1.9,Liverpool,"61,561",NSK Olimpijs'kyj (Neutral Site),Milorad Mažić,Match Report,,2018
